TruckNum,StartT,BP1,ShortRest,FirstParking,BP2,LongRest,SecondParking,Entry,Exit
0,0.50,2.04,0.97,2,3.01,10.55,2,100.00,200.00,
1,0.13,1.67,1.02,2,2.69,10.43,2,100.00,200.00,
2,3.76,3.76,0.00,0,6.83,12.72,2,100.00,200.00,
3,3.07,4.61,1.14,2,5.75,13.68,2,100.00,200.00,
4,4.61,6.15,0.97,2,7.12,12.69,2,100.00,200.00,
5,4.60,6.14,1.06,2,7.20,11.09,2,100.00,200.00,
6,4.38,5.92,1.05,2,6.98,13.73,2,100.00,200.00,
7,4.07,5.61,1.05,2,6.65,11.65,2,100.00,200.00,
8,4.42,5.96,1.06,2,7.02,14.20,2,100.00,200.00,
9,4.28,5.82,1.15,2,6.96,10.41,2,100.00,200.00,
10,4.11,4.11,0.00,0,7.19,12.38,2,100.00,200.00,
11,4.89,11.82,0.90,3,12.72,10.09,3,100.00,550.00,
12,4.91,6.45,1.05,2,7.50,10.65,2,100.00,200.00,
13,4.53,6.06,1.02,2,7.09,13.97,2,100.00,200.00,
14,4.33,5.86,1.03,2,6.89,12.89,2,100.00,200.00,
15,4.33,5.87,1.16,2,7.03,14.81,2,100.00,200.00,
16,4.89,6.43,1.18,2,7.61,10.91,2,100.00,200.00,
17,4.11,5.65,1.37,2,7.02,12.22,2,100.00,200.00,
18,4.06,5.60,1.08,2,6.68,12.08,2,100.00,200.00,
19,4.79,11.71,1.10,3,12.81,13.87,3,100.00,550.00,
20,4.84,6.38,1.14,2,7.51,11.40,2,100.00,200.00,
21,4.50,6.04,1.09,2,7.13,10.54,2,100.00,200.00,
22,4.34,5.87,1.09,2,6.97,14.86,2,100.00,200.00,
23,4.35,5.88,1.04,2,6.93,10.46,2,100.00,200.00,
24,4.56,6.10,1.31,2,7.41,12.21,2,100.00,200.00,
25,4.23,11.15,1.13,3,12.28,14.04,3,100.00,550.00,
26,4.34,5.88,1.14,2,7.02,11.42,2,100.00,200.00,
27,4.35,5.89,1.13,2,7.02,12.14,2,100.00,200.00,
28,5.73,7.26,1.15,2,8.41,14.50,2,100.00,200.00,
29,5.52,7.06,1.03,2,8.08,14.81,2,100.00,200.00,
30,5.03,11.96,1.08,3,13.03,14.04,3,100.00,550.00,
31,5.48,7.02,1.06,2,8.08,14.84,2,100.00,200.00,
32,5.07,6.61,1.22,2,7.84,14.14,2,100.00,200.00,
33,5.60,7.14,1.10,2,8.23,11.97,2,100.00,200.00,
34,5.31,6.84,1.14,2,7.99,10.69,2,100.00,200.00,
35,5.48,7.01,1.31,2,8.33,13.90,2,100.00,200.00,
36,5.68,5.68,0.00,0,8.75,10.41,2,100.00,200.00,
37,5.57,7.11,1.03,2,8.14,11.30,2,100.00,200.00,
38,5.99,5.99,0.00,0,9.06,13.55,2,100.00,200.00,
39,5.76,7.30,1.12,2,8.42,12.70,2,100.00,200.00,
40,5.11,6.65,1.16,2,7.81,13.70,2,100.00,200.00,
41,5.44,6.98,1.19,2,8.17,12.14,2,100.00,200.00,
42,5.64,7.18,1.04,2,8.22,12.54,2,100.00,200.00,
43,5.39,6.93,1.13,2,8.06,14.56,2,100.00,200.00,
44,5.25,6.79,1.11,2,7.90,11.16,2,100.00,200.00,
45,5.23,6.77,1.39,2,8.16,13.83,2,100.00,200.00,
46,5.32,6.86,1.10,2,7.97,13.71,2,100.00,200.00,
47,5.64,7.18,1.33,2,8.51,11.88,2,100.00,200.00,
48,5.76,7.30,1.24,2,8.54,11.35,2,100.00,200.00,
49,5.39,6.93,0.97,2,7.90,11.37,2,100.00,200.00,
50,5.80,7.34,1.00,2,8.33,11.60,2,100.00,200.00,
51,5.91,5.91,0.00,0,8.99,11.16,2,100.00,200.00,
52,5.42,5.42,0.00,0,8.50,10.36,2,100.00,200.00,
53,5.04,6.57,1.23,2,7.80,14.43,2,100.00,200.00,
54,5.80,7.34,1.17,2,8.51,13.34,2,100.00,200.00,
55,5.78,7.32,1.06,2,8.38,14.47,2,100.00,200.00,
56,6.27,6.27,0.00,0,9.34,14.72,2,100.00,200.00,
57,6.81,8.34,0.98,2,9.33,14.62,2,100.00,200.00,
58,6.79,8.33,1.16,2,9.49,12.70,2,100.00,200.00,
59,6.02,12.95,1.13,3,14.08,11.13,3,100.00,550.00,
60,6.20,7.73,1.21,2,8.95,12.72,2,100.00,200.00,
61,6.78,8.32,1.12,2,9.43,11.88,2,100.00,200.00,
62,6.71,8.25,1.11,2,9.36,12.69,2,100.00,200.00,
63,6.13,7.67,0.97,2,8.64,11.39,2,100.00,200.00,
64,6.14,13.06,1.10,3,14.16,11.90,3,100.00,550.00,
65,6.72,8.26,1.03,2,9.29,12.29,2,100.00,200.00,
66,6.78,8.32,1.26,2,9.58,14.70,2,100.00,200.00,
67,6.75,8.28,1.04,2,9.32,10.27,2,100.00,200.00,
68,6.91,13.83,1.03,3,18.71,10.25,4,100.00,800.00,
69,6.06,7.60,1.09,2,8.69,12.69,2,100.00,200.00,
70,6.99,13.92,1.10,3,15.02,12.70,3,100.00,550.00,
71,6.79,8.33,1.29,2,9.61,13.63,2,100.00,200.00,
72,6.73,13.66,1.19,3,14.85,14.53,3,100.00,550.00,
73,6.28,13.21,1.16,3,14.37,13.90,3,100.00,550.00,
74,6.61,6.61,0.00,0,9.69,14.33,2,100.00,200.00,
75,6.23,7.77,1.01,2,8.78,10.18,2,100.00,200.00,
76,6.36,7.90,1.07,2,8.96,12.08,2,100.00,200.00,
77,7.40,8.94,1.19,2,10.12,11.07,2,100.00,200.00,
78,7.61,9.15,1.19,2,10.34,13.00,2,100.00,200.00,
79,7.00,8.54,1.20,2,9.74,10.04,2,100.00,200.00,
80,7.24,8.78,1.33,2,10.11,13.01,2,100.00,200.00,
81,7.14,8.68,1.12,2,9.80,11.63,2,100.00,200.00,
82,7.96,9.49,0.95,2,10.44,14.79,2,100.00,200.00,
83,7.76,9.30,1.25,2,10.56,14.68,2,100.00,200.00,
84,7.30,8.84,1.05,2,9.89,13.36,2,100.00,200.00,
85,7.91,9.45,1.13,2,10.57,12.89,2,100.00,200.00,
86,7.63,9.17,0.92,2,10.09,13.54,2,100.00,200.00,
87,7.98,9.52,1.05,2,10.56,13.84,2,100.00,200.00,
88,7.96,9.50,1.11,2,10.61,13.04,2,100.00,200.00,
89,7.72,14.65,1.18,3,15.83,14.71,3,100.00,550.00,
90,7.39,8.93,1.07,2,10.00,14.47,2,100.00,200.00,
91,7.54,9.08,0.96,2,10.05,12.48,2,100.00,200.00,
92,7.37,8.91,1.25,2,10.16,11.58,2,100.00,200.00,
93,7.72,9.26,1.10,2,10.36,12.66,2,100.00,200.00,
94,7.44,8.98,1.33,2,10.31,10.77,2,100.00,200.00,
95,7.67,9.20,1.08,2,10.28,12.26,2,100.00,200.00,
96,7.26,8.79,1.18,2,9.98,12.22,2,100.00,200.00,
97,7.06,7.06,0.00,0,10.13,10.41,2,100.00,200.00,
98,7.14,7.14,0.00,0,10.21,12.37,2,100.00,200.00,
99,8.32,9.86,1.13,2,10.99,14.74,2,100.00,200.00,
100,8.31,9.85,1.28,2,11.12,14.31,2,100.00,200.00,
101,8.38,8.38,0.00,0,11.45,14.91,2,100.00,200.00,
102,8.85,10.38,1.06,2,11.44,11.42,2,100.00,200.00,
103,8.17,15.09,1.12,3,16.22,12.10,3,100.00,550.00,
104,8.84,10.38,1.09,2,11.48,14.64,2,100.00,200.00,
105,8.91,10.44,1.20,2,11.65,11.67,2,100.00,200.00,
106,8.66,10.20,1.12,2,11.32,13.25,2,100.00,200.00,
107,8.01,9.55,1.20,2,10.75,12.03,2,100.00,200.00,
108,8.84,10.38,1.01,2,11.39,11.77,2,100.00,200.00,
109,8.13,9.66,1.02,2,10.69,11.99,2,100.00,200.00,
110,8.82,10.36,1.07,2,11.43,11.89,2,100.00,200.00,
111,8.91,8.91,0.00,0,11.99,12.69,2,100.00,200.00,
112,8.97,10.50,1.20,2,11.70,11.26,2,100.00,200.00,
113,8.81,10.35,1.08,2,11.43,11.03,2,100.00,200.00,
114,8.34,15.27,0.97,3,16.23,14.34,3,100.00,550.00,
115,8.82,10.36,0.87,2,11.24,10.92,2,100.00,200.00,
116,8.42,9.96,0.85,2,10.80,13.14,2,100.00,200.00,
117,8.01,9.55,1.22,2,10.77,14.33,2,100.00,200.00,
118,8.55,10.09,0.97,2,11.06,12.22,2,100.00,200.00,
119,8.26,9.80,1.17,2,10.97,11.31,2,100.00,200.00,
120,8.87,10.41,1.17,2,11.58,11.65,2,100.00,200.00,
121,8.56,10.10,1.18,2,11.28,10.08,2,100.00,200.00,
122,8.80,10.34,1.27,2,11.61,12.90,2,100.00,200.00,
123,8.89,10.43,1.17,2,11.60,11.88,2,100.00,200.00,
124,9.21,10.75,1.32,2,12.07,10.14,2,100.00,200.00,
125,9.97,11.50,0.92,2,12.42,14.91,2,100.00,200.00,
126,9.38,10.92,0.98,2,11.90,11.73,2,100.00,200.00,
127,9.30,10.84,1.17,2,12.01,10.84,2,100.00,200.00,
128,9.06,10.60,1.00,2,11.59,13.77,2,100.00,200.00,
129,9.88,11.42,1.22,2,12.65,12.26,2,100.00,200.00,
130,9.63,9.63,0.00,0,12.71,14.76,2,100.00,200.00,
131,9.12,10.66,1.08,2,11.74,11.32,2,100.00,200.00,
132,9.62,11.16,1.04,2,12.20,13.24,2,100.00,200.00,
133,9.76,11.30,1.27,2,12.57,11.56,2,100.00,200.00,
134,9.11,16.03,0.99,3,17.03,14.76,3,100.00,550.00,
135,9.22,9.22,0.00,0,12.30,10.00,2,100.00,200.00,
136,9.75,11.29,1.16,2,12.45,14.56,2,100.00,200.00,
137,10.07,11.61,1.19,2,12.80,14.19,2,100.00,200.00,
138,10.51,12.04,1.12,2,13.17,14.35,2,100.00,200.00,
139,10.67,12.21,1.15,2,13.36,11.75,2,100.00,200.00,
140,10.39,11.93,1.00,2,12.93,13.04,2,100.00,200.00,
141,10.85,12.39,1.21,2,13.59,12.47,2,100.00,200.00,
142,10.83,10.83,0.00,0,13.91,14.29,2,100.00,200.00,
143,10.38,17.30,1.38,3,18.68,11.93,3,100.00,550.00,
144,10.75,12.29,1.09,2,13.38,12.79,2,100.00,200.00,
145,10.20,11.74,1.09,2,12.84,11.84,2,100.00,200.00,
146,10.12,11.66,1.01,2,12.66,10.44,2,100.00,200.00,
147,10.86,12.40,1.00,2,13.40,12.54,2,100.00,200.00,
148,11.00,12.54,1.07,2,13.61,13.46,2,100.00,200.00,
149,10.80,10.80,0.00,0,13.88,10.33,2,100.00,200.00,
150,10.87,12.41,1.17,2,13.58,11.30,2,100.00,200.00,
151,10.75,12.29,1.06,2,13.35,14.40,2,100.00,200.00,
152,10.75,12.28,1.17,2,13.46,10.76,2,100.00,200.00,
153,10.66,12.20,1.14,2,13.34,10.55,2,100.00,200.00,
154,10.60,12.14,1.17,2,13.31,10.34,2,100.00,200.00,
155,10.01,11.55,1.29,2,12.84,11.95,2,100.00,200.00,
156,11.29,12.83,1.02,2,13.85,13.97,2,100.00,200.00,
157,11.09,12.63,1.23,2,13.85,10.46,2,100.00,200.00,
158,11.42,12.96,1.15,2,14.11,13.67,2,100.00,200.00,
159,11.37,12.91,1.36,2,14.27,14.73,2,100.00,200.00,
160,11.81,13.35,1.04,2,14.39,12.74,2,100.00,200.00,
161,11.16,12.70,1.07,2,13.77,13.46,2,100.00,200.00,
162,11.39,12.93,0.86,2,13.79,11.12,2,100.00,200.00,
163,11.24,12.78,1.24,2,14.02,14.68,2,100.00,200.00,
164,11.64,13.18,0.99,2,14.18,10.77,2,100.00,200.00,
165,11.44,12.98,1.10,2,14.08,11.10,2,100.00,200.00,
166,11.32,12.86,1.11,2,13.98,10.54,2,100.00,200.00,
167,11.30,12.84,1.01,2,13.84,10.10,2,100.00,200.00,
168,11.68,13.22,1.18,2,14.40,10.72,2,100.00,200.00,
169,12.06,13.60,1.06,2,14.67,14.35,2,100.00,200.00,
170,12.93,19.85,1.11,3,20.96,10.02,3,100.00,550.00,
171,12.84,14.38,1.08,2,15.46,10.30,2,100.00,200.00,
172,12.62,14.16,1.12,2,15.27,13.20,2,100.00,200.00,
173,12.51,14.04,1.02,2,15.07,11.57,2,100.00,200.00,
174,12.19,12.19,0.00,0,15.27,11.06,2,100.00,200.00,
175,12.21,13.75,1.24,2,14.99,10.42,2,100.00,200.00,
176,12.84,14.38,1.12,2,15.49,11.04,2,100.00,200.00,
177,12.06,13.60,1.27,2,14.88,10.81,2,100.00,200.00,
178,12.59,14.13,0.93,2,15.06,14.58,2,100.00,200.00,
179,12.89,14.43,1.15,2,15.59,14.93,2,100.00,200.00,
180,12.83,14.36,1.06,2,15.43,13.09,2,100.00,200.00,
181,12.63,12.63,0.00,0,15.71,13.07,2,100.00,200.00,
182,12.35,12.35,0.00,0,15.42,14.86,2,100.00,200.00,
183,12.74,14.28,1.26,2,15.53,14.81,2,100.00,200.00,
184,12.48,14.02,1.06,2,15.07,13.74,2,100.00,200.00,
185,12.40,12.40,0.00,0,15.47,10.68,2,100.00,200.00,
186,13.84,13.84,0.00,0,16.92,11.14,2,100.00,200.00,
187,13.68,15.22,0.99,2,16.21,10.82,2,100.00,200.00,
188,13.56,15.10,0.85,2,15.95,13.72,2,100.00,200.00,
189,13.48,15.02,1.04,2,16.06,13.05,2,100.00,200.00,
190,13.13,14.67,1.15,2,15.83,12.15,2,100.00,200.00,
191,13.32,14.86,1.29,2,16.15,11.78,2,100.00,200.00,
192,13.97,15.51,1.07,2,16.58,12.33,2,100.00,200.00,
193,13.64,15.18,1.11,2,16.29,14.28,2,100.00,200.00,
194,13.70,15.24,0.97,2,16.21,13.82,2,100.00,200.00,
195,13.68,15.22,1.03,2,16.25,10.19,2,100.00,200.00,
196,13.08,14.62,0.94,2,15.56,14.18,2,100.00,200.00,
197,14.00,15.53,1.04,2,16.57,14.46,2,100.00,200.00,
198,13.25,14.79,0.99,2,15.78,12.85,2,100.00,200.00,
199,13.03,19.95,1.22,3,21.18,10.18,3,100.00,550.00,
200,14.52,16.06,1.16,2,17.22,11.30,2,100.00,200.00,
201,14.94,16.47,1.11,2,17.58,12.31,2,100.00,200.00,
202,14.40,15.94,1.05,2,16.99,10.14,2,100.00,200.00,
203,14.09,15.63,1.05,2,16.68,14.73,2,100.00,200.00,
204,14.12,15.66,1.15,2,16.81,12.66,2,100.00,200.00,
205,14.43,15.97,0.91,2,16.88,14.60,2,100.00,200.00,
206,14.45,15.99,1.18,2,17.17,12.14,2,100.00,200.00,
207,14.06,15.60,1.26,2,16.86,14.94,2,100.00,200.00,
208,14.62,16.16,1.17,2,17.33,12.53,2,100.00,200.00,
209,14.56,16.10,1.24,2,17.34,10.95,2,100.00,200.00,
210,14.95,14.95,0.00,0,18.03,12.40,2,100.00,200.00,
211,15.97,15.97,0.00,0,19.05,14.12,2,100.00,200.00,
212,15.02,16.56,1.08,2,17.63,10.35,2,100.00,200.00,
213,15.69,17.23,1.06,2,18.29,14.56,2,100.00,200.00,
214,15.52,17.06,1.21,2,18.27,12.35,2,100.00,200.00,
215,15.65,17.19,1.35,2,18.53,10.98,2,100.00,200.00,
216,15.74,17.28,1.21,2,18.49,14.15,2,100.00,200.00,
217,15.61,17.14,0.95,2,18.09,10.33,2,100.00,200.00,
218,15.81,17.35,0.91,2,18.27,13.06,2,100.00,200.00,
219,15.80,17.34,1.17,2,18.51,12.83,2,100.00,200.00,
220,15.72,22.64,1.28,3,23.92,10.52,3,100.00,550.00,
221,15.63,17.16,1.18,2,18.34,13.82,2,100.00,200.00,
222,15.85,17.39,1.25,2,18.64,11.27,2,100.00,200.00,
223,15.33,16.87,1.18,2,18.05,10.57,2,100.00,200.00,
224,15.86,17.40,1.24,2,18.64,14.67,2,100.00,200.00,
225,15.15,16.68,1.08,2,17.76,12.67,2,100.00,200.00,
226,15.42,16.96,1.11,2,18.07,11.85,2,100.00,200.00,
227,16.21,17.75,1.10,2,18.85,11.62,2,100.00,200.00,
228,16.35,17.89,1.11,2,19.00,14.65,2,100.00,200.00,
229,16.38,17.92,1.11,2,19.03,10.97,2,100.00,200.00,
230,16.89,18.43,1.18,2,19.61,13.51,2,100.00,200.00,
231,16.52,16.52,0.00,0,19.60,13.96,2,100.00,200.00,
232,16.94,18.48,1.15,2,19.63,10.20,2,100.00,200.00,
233,16.54,18.08,1.14,2,19.22,14.97,2,100.00,200.00,
234,16.08,17.62,1.12,2,18.74,13.80,2,100.00,200.00,
235,16.23,17.77,1.11,2,18.88,10.79,2,100.00,200.00,
236,16.30,17.84,1.26,2,19.10,10.92,2,100.00,200.00,
237,16.77,18.31,1.24,2,19.55,10.24,2,100.00,200.00,
238,16.01,17.54,1.04,2,18.59,11.91,2,100.00,200.00,
239,16.13,17.67,1.17,2,18.84,13.93,2,100.00,200.00,
240,16.23,17.77,1.05,2,18.82,12.70,2,100.00,200.00,
241,16.82,18.36,1.28,2,19.64,14.03,2,100.00,200.00,
242,16.38,17.92,1.20,2,19.13,12.98,2,100.00,200.00,
243,17.53,19.06,0.95,2,20.02,10.61,2,100.00,200.00,
244,17.33,18.87,1.06,2,19.93,11.29,2,100.00,200.00,
245,17.16,18.69,1.15,2,19.84,13.73,2,100.00,200.00,
246,17.52,19.06,1.16,2,20.21,13.39,2,100.00,200.00,
247,17.29,18.82,1.20,2,20.03,14.87,2,100.00,200.00,
248,17.37,17.37,0.00,0,20.44,10.79,2,100.00,200.00,
249,17.40,18.94,1.16,2,20.10,12.37,2,100.00,200.00,
250,17.12,18.66,0.97,2,19.63,14.54,2,100.00,200.00,
251,17.18,18.71,1.05,2,19.76,11.87,2,100.00,200.00,
252,17.86,19.40,1.10,2,20.50,10.18,2,100.00,200.00,
253,17.70,19.24,1.22,2,20.46,12.79,2,100.00,200.00,
254,17.23,18.77,1.17,2,19.95,13.41,2,100.00,200.00,
255,17.09,18.63,1.28,2,19.90,12.41,2,100.00,200.00,
256,17.29,18.83,1.02,2,19.85,12.26,2,100.00,200.00,
257,17.96,19.50,1.12,2,20.63,12.91,2,100.00,200.00,
258,17.65,19.18,1.19,2,20.38,11.37,2,100.00,200.00,
259,17.19,18.73,0.98,2,19.71,12.65,2,100.00,200.00,
260,17.15,17.15,0.00,0,20.23,11.89,2,100.00,200.00,
261,17.36,18.90,1.08,2,19.98,10.73,2,100.00,200.00,
262,17.80,24.72,1.35,3,26.07,10.55,3,100.00,550.00,
263,17.95,19.49,1.15,2,20.64,13.73,2,100.00,200.00,
264,18.17,19.71,1.20,2,20.91,12.70,2,100.00,200.00,
265,18.15,19.69,1.23,2,20.92,11.60,2,100.00,200.00,
266,18.31,19.85,0.94,2,20.79,10.08,2,100.00,200.00,
267,18.38,19.92,1.28,2,21.20,12.10,2,100.00,200.00,
268,18.66,18.66,0.00,0,21.74,13.37,2,100.00,200.00,
269,18.76,20.30,1.04,2,21.34,11.90,2,100.00,200.00,
270,18.72,20.26,1.13,2,21.40,11.64,2,100.00,200.00,
271,18.15,19.69,1.15,2,20.84,13.88,2,100.00,200.00,
272,18.85,20.39,1.01,2,21.40,10.23,2,100.00,200.00,
273,18.36,19.90,1.14,2,21.04,11.24,2,100.00,200.00,
274,18.57,20.11,1.04,2,21.15,12.70,2,100.00,200.00,
275,18.83,20.37,1.26,2,21.62,14.26,2,100.00,200.00,
276,18.55,20.09,1.01,2,21.10,10.99,2,100.00,200.00,
277,18.50,20.04,0.89,2,20.92,13.20,2,100.00,200.00,
278,18.23,19.77,1.25,2,21.02,10.45,2,100.00,200.00,
279,18.33,19.87,1.22,2,21.08,11.14,2,100.00,200.00,
280,18.75,20.29,1.11,2,21.40,11.84,2,100.00,200.00,
281,18.74,20.28,1.05,2,21.33,10.93,2,100.00,200.00,
282,19.35,20.88,1.12,2,22.00,12.24,2,100.00,200.00,
283,19.40,20.93,1.24,2,22.17,14.43,2,100.00,200.00,
284,19.90,21.43,0.93,2,22.37,14.88,2,100.00,200.00,
285,19.04,19.04,0.00,0,22.12,11.68,2,100.00,200.00,
286,19.30,20.84,1.05,2,21.89,14.09,2,100.00,200.00,
287,19.36,20.90,1.17,2,22.06,12.30,2,100.00,200.00,
288,19.17,19.17,0.00,0,22.24,10.25,2,100.00,200.00,
289,19.44,20.98,1.21,2,22.19,14.11,2,100.00,200.00,
290,19.71,21.25,1.14,2,22.39,14.21,2,100.00,200.00,
291,19.69,19.69,0.00,0,22.76,11.45,2,100.00,200.00,
292,19.60,21.14,1.12,2,22.26,14.75,2,100.00,200.00,
293,19.68,21.22,1.12,2,22.34,12.28,2,100.00,200.00,
294,19.74,21.28,1.18,2,22.46,12.82,2,100.00,200.00,
295,19.48,21.02,0.97,2,21.99,10.35,2,100.00,200.00,
296,19.35,20.89,1.31,2,22.20,13.54,2,100.00,200.00,
297,19.51,21.05,1.07,2,22.13,10.14,2,100.00,200.00,
298,19.36,20.90,1.15,2,22.05,13.18,2,100.00,200.00,
299,19.19,20.73,1.03,2,21.76,13.71,2,100.00,200.00,
300,19.10,19.10,0.00,0,22.18,12.30,2,100.00,200.00,
301,19.01,20.55,1.03,2,21.58,14.67,2,100.00,200.00,
302,19.20,20.74,1.07,2,21.81,12.06,2,100.00,200.00,
303,19.84,19.84,0.00,0,22.92,11.66,2,100.00,200.00,
304,19.14,20.68,1.13,2,21.80,14.08,2,100.00,200.00,
305,19.75,26.67,1.13,3,27.80,10.96,3,100.00,550.00,
306,19.48,26.40,1.11,3,27.51,14.17,3,100.00,550.00,
307,19.15,20.69,0.86,2,21.55,14.43,2,100.00,200.00,
308,20.56,22.10,1.17,2,23.27,12.53,2,100.00,200.00,
309,20.85,22.39,1.06,2,23.44,13.47,2,100.00,200.00,
310,20.01,21.55,1.25,2,22.80,11.14,2,100.00,200.00,
311,20.24,21.78,1.09,2,22.88,14.62,2,100.00,200.00,
312,20.54,27.47,1.11,3,28.58,12.97,3,100.00,550.00,
313,20.26,21.80,0.97,2,22.78,14.88,2,100.00,200.00,
314,20.79,22.33,1.24,2,23.57,11.39,2,100.00,200.00,
315,20.02,21.55,0.93,2,22.48,10.04,2,100.00,200.00,
316,20.01,21.54,1.08,2,22.63,13.86,2,100.00,200.00,
317,20.01,21.54,1.02,2,22.56,11.69,2,100.00,200.00,
318,20.56,22.10,0.99,2,23.09,11.41,2,100.00,200.00,
319,20.87,22.40,1.13,2,23.53,10.90,2,100.00,200.00,
320,20.08,21.62,1.05,2,22.66,14.24,2,100.00,200.00,
321,21.00,22.54,1.05,2,23.59,14.71,2,100.00,200.00,
322,21.90,23.44,1.01,2,24.45,11.39,2,100.00,200.00,
323,21.88,23.42,1.14,2,24.56,11.71,2,100.00,200.00,
324,21.59,23.13,1.19,2,24.32,14.85,2,100.00,200.00,
325,21.13,22.67,1.11,2,23.78,14.36,2,100.00,200.00,
326,21.68,23.21,0.93,2,24.14,11.37,2,100.00,200.00,
327,21.46,23.00,1.11,2,24.11,11.74,2,100.00,200.00,
328,21.33,22.87,1.02,2,23.89,14.46,2,100.00,200.00,
329,21.33,22.86,1.08,2,23.95,14.45,2,100.00,200.00,
330,21.53,23.07,1.30,2,24.37,12.17,2,100.00,200.00,
331,21.43,22.97,1.30,2,24.27,11.67,2,100.00,200.00,
332,21.44,22.98,1.17,2,24.15,12.32,2,100.00,200.00,
333,21.13,22.67,1.16,2,23.83,13.34,2,100.00,200.00,
334,21.40,28.32,1.08,3,29.40,12.11,3,100.00,550.00,
335,22.72,24.26,1.00,2,25.26,11.91,2,100.00,200.00,
336,22.98,22.98,0.00,0,26.06,12.11,2,100.00,200.00,
337,22.91,24.45,1.07,2,25.52,10.14,2,100.00,200.00,
338,22.20,22.20,0.00,0,25.28,12.54,2,100.00,200.00,
339,23.06,24.60,0.89,2,25.49,11.94,2,100.00,200.00,
340,0.57,4.41,1.23,5,5.65,13.29,5,1000.00,1250.00,
341,0.52,4.37,1.27,5,5.64,11.68,5,1000.00,1250.00,
342,3.83,7.68,1.11,5,8.79,10.37,5,1000.00,1250.00,
343,3.56,3.56,0.00,0,15.86,12.21,4,1000.00,800.00,
344,4.76,8.61,1.17,5,9.78,10.88,5,1000.00,1250.00,
345,4.23,8.07,1.05,5,9.13,12.59,5,1000.00,1250.00,
346,4.55,8.40,1.02,5,9.42,12.86,5,1000.00,1250.00,
347,4.41,8.25,1.00,5,9.25,13.75,5,1000.00,1250.00,
348,4.43,8.27,1.07,5,9.34,12.91,5,1000.00,1250.00,
349,4.13,7.97,1.02,5,8.99,11.40,5,1000.00,1250.00,
350,4.37,8.21,1.24,5,9.46,11.91,5,1000.00,1250.00,
351,4.69,8.54,1.14,5,9.68,12.76,5,1000.00,1250.00,
352,4.19,8.03,1.13,5,9.16,12.76,5,1000.00,1250.00,
353,4.97,8.81,1.12,5,9.94,13.01,5,1000.00,1250.00,
354,4.57,8.42,1.22,5,9.63,13.52,5,1000.00,1250.00,
355,4.79,8.63,1.05,5,9.68,12.41,5,1000.00,1250.00,
356,4.08,7.92,1.21,5,9.13,13.54,5,1000.00,1250.00,
357,4.92,8.77,1.19,5,9.96,11.38,5,1000.00,1250.00,
358,4.54,8.39,1.01,5,9.40,14.68,5,1000.00,1250.00,
359,4.79,8.63,1.06,5,9.69,12.40,5,1000.00,1250.00,
360,4.05,7.89,0.98,5,8.88,10.53,5,1000.00,1250.00,
361,4.65,8.49,1.14,5,9.64,11.01,5,1000.00,1250.00,
362,4.85,8.70,1.06,5,9.76,11.98,5,1000.00,1250.00,
363,4.61,8.46,0.97,5,9.43,13.66,5,1000.00,1250.00,
364,4.29,8.14,1.06,5,9.20,10.59,5,1000.00,1250.00,
365,4.37,8.22,1.15,5,9.37,13.70,5,1000.00,1250.00,
366,4.87,8.72,1.18,5,9.90,13.52,5,1000.00,1250.00,
367,4.50,8.34,1.09,5,9.44,12.46,5,1000.00,1250.00,
368,5.06,8.91,1.38,5,10.28,11.02,5,1000.00,1250.00,
369,5.44,9.29,1.11,5,10.40,10.53,5,1000.00,1250.00,
370,5.44,9.29,1.41,5,10.70,11.59,5,1000.00,1250.00,
371,5.87,5.87,0.00,0,18.17,12.92,4,1000.00,800.00,
372,5.80,9.64,1.14,5,10.78,13.80,5,1000.00,1250.00,
373,5.55,9.39,1.11,5,10.50,13.66,5,1000.00,1250.00,
374,5.93,9.78,1.26,5,11.04,10.08,5,1000.00,1250.00,
375,5.55,9.40,1.15,5,10.55,13.50,5,1000.00,1250.00,
376,5.62,9.46,1.32,5,10.79,14.92,5,1000.00,1250.00,
377,5.29,9.14,0.94,5,10.08,14.14,5,1000.00,1250.00,
378,5.72,9.56,1.14,5,10.70,11.34,5,1000.00,1250.00,
379,5.28,9.13,1.11,5,10.23,14.44,5,1000.00,1250.00,
380,5.47,9.31,1.14,5,10.46,14.78,5,1000.00,1250.00,
381,5.46,9.31,1.14,5,10.45,10.07,5,1000.00,1250.00,
382,5.98,5.98,0.00,0,18.28,14.19,4,1000.00,800.00,
383,5.84,9.68,0.94,5,10.62,14.34,5,1000.00,1250.00,
384,5.04,8.88,1.10,5,9.99,12.47,5,1000.00,1250.00,
385,5.08,8.92,1.13,5,10.05,14.32,5,1000.00,1250.00,
386,5.48,9.33,0.97,5,10.30,12.49,5,1000.00,1250.00,
387,5.65,9.50,1.06,5,10.55,10.92,5,1000.00,1250.00,
388,5.28,9.13,1.12,5,10.24,13.96,5,1000.00,1250.00,
389,5.28,9.13,1.03,5,10.15,11.49,5,1000.00,1250.00,
390,5.93,9.78,0.91,5,10.69,11.64,5,1000.00,1250.00,
391,5.12,5.12,0.00,0,17.43,13.38,4,1000.00,800.00,
392,5.11,8.96,1.19,5,10.15,14.98,5,1000.00,1250.00,
393,5.16,9.01,1.11,5,10.12,10.84,5,1000.00,1250.00,
394,5.17,9.02,1.00,5,10.02,10.42,5,1000.00,1250.00,
395,5.16,9.01,1.11,5,10.12,13.52,5,1000.00,1250.00,
396,6.31,10.16,0.98,5,11.13,13.74,5,1000.00,1250.00,
397,6.20,10.04,1.03,5,11.07,10.70,5,1000.00,1250.00,
398,6.80,10.65,0.99,5,11.63,12.30,5,1000.00,1250.00,
399,6.47,10.32,1.05,5,11.36,10.03,5,1000.00,1250.00,
400,6.33,6.33,0.00,0,18.64,13.32,4,1000.00,800.00,
401,6.99,10.83,1.08,5,11.91,14.95,5,1000.00,1250.00,
402,6.57,10.42,1.21,5,11.62,10.69,5,1000.00,1250.00,
403,6.62,10.47,0.95,5,11.42,11.12,5,1000.00,1250.00,
404,6.68,10.52,1.24,5,11.77,12.24,5,1000.00,1250.00,
405,6.26,10.10,1.12,5,11.22,11.14,5,1000.00,1250.00,
406,6.92,10.77,1.05,5,11.81,12.17,5,1000.00,1250.00,
407,6.70,10.55,0.98,5,11.53,12.80,5,1000.00,1250.00,
408,6.01,9.86,1.20,5,11.06,13.59,5,1000.00,1250.00,
409,6.67,10.52,0.87,5,11.39,12.96,5,1000.00,1250.00,
410,6.00,9.85,1.01,5,10.86,13.19,5,1000.00,1250.00,
411,6.52,10.36,1.05,5,11.41,10.06,5,1000.00,1250.00,
412,6.51,10.35,1.16,5,11.52,14.48,5,1000.00,1250.00,
413,6.72,10.56,1.06,5,11.62,10.42,5,1000.00,1250.00,
414,6.56,10.41,1.07,5,11.48,12.74,5,1000.00,1250.00,
415,6.85,10.70,1.19,5,11.89,10.60,5,1000.00,1250.00,
416,6.48,10.33,1.24,5,11.57,11.33,5,1000.00,1250.00,
417,7.71,11.55,1.09,5,12.64,14.37,5,1000.00,1250.00,
418,7.37,11.21,0.98,5,12.19,13.98,5,1000.00,1250.00,
419,7.72,11.57,1.06,5,12.63,13.50,5,1000.00,1250.00,
420,7.38,11.23,1.06,5,12.29,11.61,5,1000.00,1250.00,
421,7.31,7.31,0.00,0,19.62,13.91,4,1000.00,800.00,
422,7.62,11.47,0.99,5,12.46,10.82,5,1000.00,1250.00,
423,7.08,10.93,1.07,5,12.00,11.41,5,1000.00,1250.00,
424,7.50,11.34,1.15,5,12.50,14.81,5,1000.00,1250.00,
425,7.30,7.30,0.00,0,19.61,10.47,4,1000.00,800.00,
426,7.20,11.04,1.05,5,12.10,14.16,5,1000.00,1250.00,
427,7.13,10.98,1.26,5,12.23,10.56,5,1000.00,1250.00,
428,7.33,11.18,1.19,5,12.37,10.13,5,1000.00,1250.00,
429,7.18,11.02,1.09,5,12.12,12.61,5,1000.00,1250.00,
430,7.52,7.52,0.00,0,19.82,14.51,4,1000.00,800.00,
431,7.20,11.04,1.16,5,12.20,14.23,5,1000.00,1250.00,
432,7.65,11.50,1.11,5,12.61,11.65,5,1000.00,1250.00,
433,7.19,11.03,1.04,5,12.08,11.71,5,1000.00,1250.00,
434,7.46,11.31,1.04,5,12.35,12.20,5,1000.00,1250.00,
435,7.22,11.07,1.03,5,12.10,11.62,5,1000.00,1250.00,
436,7.27,11.11,1.25,5,12.36,13.07,5,1000.00,1250.00,
437,7.58,11.43,1.12,5,12.54,12.30,5,1000.00,1250.00,
438,7.19,11.04,1.04,5,12.08,12.04,5,1000.00,1250.00,
439,8.47,12.32,1.11,5,13.43,12.95,5,1000.00,1250.00,
440,8.07,11.91,1.12,5,13.03,14.03,5,1000.00,1250.00,
441,8.76,12.60,1.11,5,13.72,12.52,5,1000.00,1250.00,
442,8.59,12.43,1.20,5,13.63,14.38,5,1000.00,1250.00,
443,8.71,12.56,1.31,5,13.87,13.97,5,1000.00,1250.00,
444,8.10,11.95,1.11,5,13.06,10.66,5,1000.00,1250.00,
445,8.62,12.47,1.17,5,13.64,11.00,5,1000.00,1250.00,
446,8.43,12.28,1.05,5,13.33,10.77,5,1000.00,1250.00,
447,8.39,12.24,1.13,5,13.37,14.80,5,1000.00,1250.00,
448,8.04,11.88,0.95,5,12.84,10.55,5,1000.00,1250.00,
449,8.10,11.94,1.17,5,13.12,10.95,5,1000.00,1250.00,
450,8.24,12.09,1.19,5,13.28,10.32,5,1000.00,1250.00,
451,8.30,12.15,1.07,5,13.22,11.02,5,1000.00,1250.00,
452,8.34,8.34,0.00,0,20.65,10.11,4,1000.00,800.00,
453,8.77,12.62,0.95,5,13.57,13.53,5,1000.00,1250.00,
454,8.75,12.59,1.27,5,13.86,14.30,5,1000.00,1250.00,
455,8.62,12.47,0.92,5,13.39,11.08,5,1000.00,1250.00,
456,8.98,12.83,1.18,5,14.02,13.51,5,1000.00,1250.00,
457,8.35,12.20,1.10,5,13.30,12.78,5,1000.00,1250.00,
458,8.23,12.08,1.12,5,13.20,11.46,5,1000.00,1250.00,
459,8.61,12.45,1.25,5,13.70,12.83,5,1000.00,1250.00,
460,8.51,12.36,1.01,5,13.37,13.18,5,1000.00,1250.00,
461,8.68,12.53,1.16,5,13.69,13.62,5,1000.00,1250.00,
462,8.05,8.05,0.00,0,20.36,14.79,4,1000.00,800.00,
463,8.73,8.73,0.00,0,21.04,14.73,4,1000.00,800.00,
464,9.64,13.48,1.20,5,14.68,11.55,5,1000.00,1250.00,
465,9.79,13.64,1.24,5,14.88,10.51,5,1000.00,1250.00,
466,9.62,13.47,1.00,5,14.46,13.45,5,1000.00,1250.00,
467,9.83,13.68,1.14,5,14.81,12.25,5,1000.00,1250.00,
468,9.35,13.20,1.40,5,14.60,10.24,5,1000.00,1250.00,
469,9.15,13.00,1.00,5,14.00,12.54,5,1000.00,1250.00,
470,9.72,13.57,0.98,5,14.55,12.20,5,1000.00,1250.00,
471,9.74,13.59,1.25,5,14.84,12.33,5,1000.00,1250.00,
472,9.81,13.66,1.15,5,14.81,11.77,5,1000.00,1250.00,
473,9.53,13.37,1.27,5,14.65,14.69,5,1000.00,1250.00,
474,10.00,13.84,1.05,5,14.89,12.42,5,1000.00,1250.00,
475,9.78,9.78,0.00,0,22.08,12.69,4,1000.00,800.00,
476,9.75,13.59,1.26,5,14.85,11.96,5,1000.00,1250.00,
477,10.93,14.77,1.07,5,15.84,14.84,5,1000.00,1250.00,
478,10.24,14.09,1.01,5,15.10,14.24,5,1000.00,1250.00,
479,10.82,14.66,0.94,5,15.61,13.29,5,1000.00,1250.00,
480,10.87,14.72,1.33,5,16.05,13.89,5,1000.00,1250.00,
481,10.15,14.00,1.01,5,15.01,11.30,5,1000.00,1250.00,
482,10.82,14.67,1.12,5,15.79,13.05,5,1000.00,1250.00,
483,10.59,14.43,1.03,5,15.46,14.10,5,1000.00,1250.00,
484,10.07,13.92,1.09,5,15.01,11.21,5,1000.00,1250.00,
485,10.64,14.49,1.00,5,15.49,14.85,5,1000.00,1250.00,
486,10.88,14.73,1.07,5,15.80,14.86,5,1000.00,1250.00,
487,10.96,14.81,1.11,5,15.92,13.21,5,1000.00,1250.00,
488,10.03,13.88,1.30,5,15.18,14.48,5,1000.00,1250.00,
489,10.69,14.54,1.32,5,15.86,10.73,5,1000.00,1250.00,
490,10.13,13.98,1.02,5,15.00,11.20,5,1000.00,1250.00,
491,10.18,14.03,1.22,5,15.25,11.45,5,1000.00,1250.00,
492,10.03,13.88,0.93,5,14.80,14.33,5,1000.00,1250.00,
493,10.81,14.66,1.10,5,15.76,11.65,5,1000.00,1250.00,
494,10.65,14.49,0.97,5,15.47,13.43,5,1000.00,1250.00,
495,10.88,14.73,1.00,5,15.72,11.90,5,1000.00,1250.00,
496,11.13,14.97,0.95,5,15.92,10.47,5,1000.00,1250.00,
497,11.23,15.08,1.19,5,16.27,12.58,5,1000.00,1250.00,
498,11.74,15.58,1.09,5,16.67,12.21,5,1000.00,1250.00,
499,11.63,15.47,1.20,5,16.68,10.68,5,1000.00,1250.00,
500,11.02,14.87,0.96,5,15.83,13.98,5,1000.00,1250.00,
501,11.88,15.73,1.38,5,17.11,11.80,5,1000.00,1250.00,
502,11.29,15.13,1.09,5,16.22,14.59,5,1000.00,1250.00,
503,11.44,15.28,1.10,5,16.39,11.29,5,1000.00,1250.00,
504,11.29,15.14,1.01,5,16.14,14.72,5,1000.00,1250.00,
505,11.20,15.04,1.24,5,16.28,13.78,5,1000.00,1250.00,
506,11.75,15.59,0.92,5,16.51,11.14,5,1000.00,1250.00,
507,11.48,15.33,1.00,5,16.33,13.45,5,1000.00,1250.00,
508,11.18,11.18,0.00,0,23.49,13.38,4,1000.00,800.00,
509,12.93,16.77,1.20,5,17.98,11.92,5,1000.00,1250.00,
510,12.83,16.68,1.08,5,17.76,13.72,5,1000.00,1250.00,
511,12.81,16.66,1.16,5,17.82,13.00,5,1000.00,1250.00,
512,12.15,15.99,1.03,5,17.02,11.26,5,1000.00,1250.00,
513,12.93,16.78,1.20,5,17.98,13.55,5,1000.00,1250.00,
514,12.29,16.13,1.00,5,17.13,10.69,5,1000.00,1250.00,
515,12.17,16.01,1.15,5,17.17,12.44,5,1000.00,1250.00,
516,12.40,16.25,1.14,5,17.38,10.69,5,1000.00,1250.00,
517,12.03,15.88,1.08,5,16.96,11.90,5,1000.00,1250.00,
518,12.84,16.69,1.08,5,17.77,15.00,5,1000.00,1250.00,
519,12.73,16.58,0.87,5,17.45,12.70,5,1000.00,1250.00,
520,12.70,16.55,1.19,5,17.73,12.71,5,1000.00,1250.00,
521,12.74,16.59,1.10,5,17.69,12.29,5,1000.00,1250.00,
522,12.93,16.77,1.14,5,17.91,11.77,5,1000.00,1250.00,
523,12.93,16.78,1.24,5,18.01,14.41,5,1000.00,1250.00,
524,12.80,16.65,1.12,5,17.77,14.11,5,1000.00,1250.00,
525,12.44,16.29,1.14,5,17.43,11.94,5,1000.00,1250.00,
526,13.73,17.57,1.54,5,19.12,14.11,5,1000.00,1250.00,
527,13.41,17.25,1.14,5,18.39,13.20,5,1000.00,1250.00,
528,13.64,17.49,1.06,5,18.54,10.27,5,1000.00,1250.00,
529,13.46,17.30,1.07,5,18.37,10.42,5,1000.00,1250.00,
530,13.03,16.87,0.90,5,17.77,10.04,5,1000.00,1250.00,
531,13.98,17.83,1.01,5,18.83,12.46,5,1000.00,1250.00,
532,13.99,17.83,0.95,5,18.78,11.99,5,1000.00,1250.00,
533,13.15,16.99,1.08,5,18.07,12.33,5,1000.00,1250.00,
534,13.56,17.40,1.18,5,18.58,11.30,5,1000.00,1250.00,
535,13.02,16.87,1.07,5,17.94,12.43,5,1000.00,1250.00,
536,13.05,16.89,1.15,5,18.05,13.42,5,1000.00,1250.00,
537,13.08,16.93,1.16,5,18.09,10.54,5,1000.00,1250.00,
538,13.21,17.06,0.87,5,17.92,14.54,5,1000.00,1250.00,
539,13.65,17.49,1.19,5,18.69,13.26,5,1000.00,1250.00,
540,14.76,18.61,1.25,5,19.86,13.16,5,1000.00,1250.00,
541,14.91,18.76,1.18,5,19.94,10.38,5,1000.00,1250.00,
542,14.11,14.11,0.00,0,26.42,12.62,4,1000.00,800.00,
543,14.49,14.49,0.00,0,26.80,11.14,4,1000.00,800.00,
544,14.72,18.57,1.08,5,19.65,11.25,5,1000.00,1250.00,
545,14.57,14.57,0.00,0,26.87,10.08,4,1000.00,800.00,
546,14.53,18.37,1.22,5,19.59,13.90,5,1000.00,1250.00,
547,15.00,18.84,1.24,5,20.09,12.34,5,1000.00,1250.00,
548,14.96,18.81,1.39,5,20.20,10.69,5,1000.00,1250.00,
549,14.37,18.22,1.10,5,19.31,11.64,5,1000.00,1250.00,
550,14.39,18.24,1.13,5,19.37,12.94,5,1000.00,1250.00,
551,15.90,19.74,1.14,5,20.88,10.04,5,1000.00,1250.00,
552,15.47,19.32,1.24,5,20.56,10.26,5,1000.00,1250.00,
553,15.82,19.67,1.08,5,20.75,10.15,5,1000.00,1250.00,
554,15.44,19.29,1.06,5,20.34,13.91,5,1000.00,1250.00,
555,15.23,19.08,1.25,5,20.33,11.80,5,1000.00,1250.00,
556,15.97,19.81,1.08,5,20.90,11.55,5,1000.00,1250.00,
557,16.00,19.84,0.95,5,20.79,10.97,5,1000.00,1250.00,
558,15.84,19.68,1.16,5,20.85,14.94,5,1000.00,1250.00,
559,15.87,19.72,0.98,5,20.69,11.33,5,1000.00,1250.00,
560,15.12,18.96,1.14,5,20.11,14.77,5,1000.00,1250.00,
561,15.87,19.71,1.16,5,20.87,13.29,5,1000.00,1250.00,
562,15.63,19.48,1.16,5,20.64,11.16,5,1000.00,1250.00,
563,15.70,19.55,1.16,5,20.71,14.04,5,1000.00,1250.00,
564,15.20,19.05,1.14,5,20.19,13.26,5,1000.00,1250.00,
565,15.26,19.10,1.02,5,20.12,10.18,5,1000.00,1250.00,
566,15.80,19.65,1.26,5,20.91,10.62,5,1000.00,1250.00,
567,16.11,19.96,1.11,5,21.07,13.63,5,1000.00,1250.00,
568,16.38,20.22,1.14,5,21.36,10.21,5,1000.00,1250.00,
569,16.76,20.60,1.21,5,21.82,10.16,5,1000.00,1250.00,
570,16.89,20.74,1.07,5,21.81,12.21,5,1000.00,1250.00,
571,16.28,20.13,1.37,5,21.50,14.97,5,1000.00,1250.00,
572,16.74,20.59,0.93,5,21.52,12.04,5,1000.00,1250.00,
573,16.21,20.06,1.29,5,21.35,13.65,5,1000.00,1250.00,
574,16.77,20.61,0.99,5,21.60,10.16,5,1000.00,1250.00,
575,16.60,20.44,1.17,5,21.61,11.31,5,1000.00,1250.00,
576,16.39,20.23,1.33,5,21.56,12.96,5,1000.00,1250.00,
577,16.30,20.15,0.97,5,21.12,13.33,5,1000.00,1250.00,
578,16.22,20.07,1.04,5,21.11,13.91,5,1000.00,1250.00,
579,16.12,19.96,1.20,5,21.17,14.97,5,1000.00,1250.00,
580,16.14,19.99,1.15,5,21.14,14.78,5,1000.00,1250.00,
581,16.70,20.55,1.26,5,21.80,12.30,5,1000.00,1250.00,
582,16.08,16.08,0.00,0,28.39,11.78,4,1000.00,800.00,
583,17.74,21.59,1.01,5,22.60,14.57,5,1000.00,1250.00,
584,17.10,20.94,0.94,5,21.88,12.14,5,1000.00,1250.00,
585,17.29,21.13,1.08,5,22.22,10.41,5,1000.00,1250.00,
586,17.52,21.37,1.04,5,22.41,11.99,5,1000.00,1250.00,
587,17.44,21.28,1.30,5,22.58,14.26,5,1000.00,1250.00,
588,17.84,21.69,1.12,5,22.81,13.15,5,1000.00,1250.00,
589,17.41,21.26,1.10,5,22.35,11.01,5,1000.00,1250.00,
590,17.85,21.70,1.33,5,23.03,13.24,5,1000.00,1250.00,
591,17.42,21.26,1.28,5,22.55,10.11,5,1000.00,1250.00,
592,17.95,21.80,0.85,5,22.65,13.59,5,1000.00,1250.00,
593,17.28,21.12,1.06,5,22.18,12.02,5,1000.00,1250.00,
594,17.13,17.13,0.00,0,29.44,11.79,4,1000.00,800.00,
595,17.10,20.95,0.99,5,21.94,13.15,5,1000.00,1250.00,
596,17.97,21.81,1.27,5,23.08,14.86,5,1000.00,1250.00,
597,17.50,21.35,1.23,5,22.58,12.08,5,1000.00,1250.00,
598,17.36,21.20,1.12,5,22.33,12.10,5,1000.00,1250.00,
599,17.29,21.14,1.18,5,22.32,10.76,5,1000.00,1250.00,
600,17.44,21.29,1.11,5,22.40,10.47,5,1000.00,1250.00,
601,17.64,21.49,1.23,5,22.72,11.69,5,1000.00,1250.00,
602,17.17,21.02,1.17,5,22.18,13.28,5,1000.00,1250.00,
603,17.57,21.42,1.06,5,22.47,12.33,5,1000.00,1250.00,
604,18.38,18.38,0.00,0,30.69,11.59,4,1000.00,800.00,
605,18.47,22.32,1.05,5,23.37,12.32,5,1000.00,1250.00,
606,18.82,22.67,1.19,5,23.86,14.72,5,1000.00,1250.00,
607,18.13,21.98,1.06,5,23.03,10.70,5,1000.00,1250.00,
608,18.69,22.54,1.15,5,23.68,12.35,5,1000.00,1250.00,
609,18.14,18.14,0.00,0,30.44,10.82,4,1000.00,800.00,
610,18.24,22.09,1.11,5,23.20,12.26,5,1000.00,1250.00,
611,18.22,22.07,1.04,5,23.10,12.74,5,1000.00,1250.00,
612,18.73,22.58,1.14,5,23.72,12.03,5,1000.00,1250.00,
613,18.21,22.06,1.09,5,23.15,14.55,5,1000.00,1250.00,
614,18.88,22.72,1.07,5,23.80,12.21,5,1000.00,1250.00,
615,18.24,22.08,0.90,5,22.99,11.62,5,1000.00,1250.00,
616,18.55,22.40,0.99,5,23.39,13.85,5,1000.00,1250.00,
617,18.73,22.58,1.11,5,23.68,13.31,5,1000.00,1250.00,
618,18.66,22.51,1.00,5,23.50,12.84,5,1000.00,1250.00,
619,18.57,22.41,1.27,5,23.68,13.54,5,1000.00,1250.00,
620,18.08,21.93,0.98,5,22.91,14.90,5,1000.00,1250.00,
621,18.71,22.55,1.08,5,23.63,10.74,5,1000.00,1250.00,
622,19.05,22.90,1.09,5,23.99,14.83,5,1000.00,1250.00,
623,19.64,19.64,0.00,0,31.95,11.06,4,1000.00,800.00,
624,19.86,19.86,0.00,0,32.16,11.76,4,1000.00,800.00,
625,19.57,23.42,1.27,5,24.69,11.97,5,1000.00,1250.00,
626,19.77,23.61,1.07,5,24.68,12.00,5,1000.00,1250.00,
627,19.84,19.84,0.00,0,32.14,13.64,4,1000.00,800.00,
628,19.26,23.10,0.87,5,23.97,11.82,5,1000.00,1250.00,
629,19.17,23.02,0.89,5,23.91,14.88,5,1000.00,1250.00,
630,19.24,23.09,1.02,5,24.11,11.86,5,1000.00,1250.00,
631,19.51,23.35,1.13,5,24.48,10.16,5,1000.00,1250.00,
632,19.21,23.05,1.14,5,24.19,11.02,5,1000.00,1250.00,
633,19.28,23.13,1.21,5,24.34,11.13,5,1000.00,1250.00,
634,19.74,23.59,1.32,5,24.91,14.04,5,1000.00,1250.00,
635,19.81,23.65,1.02,5,24.67,12.58,5,1000.00,1250.00,
636,19.84,23.68,1.08,5,24.77,14.80,5,1000.00,1250.00,
637,19.63,23.47,1.16,5,24.64,13.07,5,1000.00,1250.00,
638,19.62,23.47,1.06,5,24.53,11.33,5,1000.00,1250.00,
639,19.49,23.34,1.34,5,24.68,14.10,5,1000.00,1250.00,
640,19.85,23.69,1.07,5,24.76,13.77,5,1000.00,1250.00,
641,19.48,23.33,1.42,5,24.74,10.50,5,1000.00,1250.00,
642,19.05,22.90,1.20,5,24.10,12.26,5,1000.00,1250.00,
643,19.94,23.78,1.04,5,24.82,14.58,5,1000.00,1250.00,
644,19.28,23.12,1.17,5,24.30,10.52,5,1000.00,1250.00,
645,19.38,23.23,1.10,5,24.33,11.32,5,1000.00,1250.00,
646,19.16,23.01,1.11,5,24.12,14.25,5,1000.00,1250.00,
647,19.10,22.95,1.33,5,24.28,11.45,5,1000.00,1250.00,
648,20.84,24.68,0.98,5,25.66,13.38,5,1000.00,1250.00,
649,20.18,24.02,1.09,5,25.11,13.07,5,1000.00,1250.00,
650,20.71,20.71,0.00,0,33.02,10.60,4,1000.00,800.00,
651,20.13,23.98,1.06,5,25.04,11.84,5,1000.00,1250.00,
652,20.55,24.39,1.12,5,25.52,11.63,5,1000.00,1250.00,
653,20.47,24.31,0.95,5,25.26,10.96,5,1000.00,1250.00,
654,20.82,24.67,1.14,5,25.81,14.36,5,1000.00,1250.00,
655,20.19,24.04,1.01,5,25.05,10.65,5,1000.00,1250.00,
656,20.57,24.41,1.07,5,25.49,13.39,5,1000.00,1250.00,
657,20.30,20.30,0.00,0,32.60,10.09,4,1000.00,800.00,
658,20.97,24.82,1.14,5,25.96,13.87,5,1000.00,1250.00,
659,20.81,24.66,1.20,5,25.86,10.42,5,1000.00,1250.00,
660,20.50,24.34,1.17,5,25.52,13.47,5,1000.00,1250.00,
661,21.38,25.23,1.09,5,26.31,13.59,5,1000.00,1250.00,
662,21.76,25.61,1.07,5,26.68,11.67,5,1000.00,1250.00,
663,21.54,25.38,1.21,5,26.59,12.19,5,1000.00,1250.00,
664,21.79,25.63,1.04,5,26.67,12.59,5,1000.00,1250.00,
665,21.03,24.87,1.19,5,26.07,10.44,5,1000.00,1250.00,
666,21.47,25.32,0.89,5,26.20,13.30,5,1000.00,1250.00,
667,21.57,25.42,1.24,5,26.66,11.78,5,1000.00,1250.00,
668,21.33,25.17,1.25,5,26.42,12.46,5,1000.00,1250.00,
669,21.85,25.69,1.26,5,26.95,13.07,5,1000.00,1250.00,
670,21.75,25.60,1.11,5,26.71,13.30,5,1000.00,1250.00,
671,21.82,25.67,1.14,5,26.80,10.48,5,1000.00,1250.00,
672,22.00,25.85,1.03,5,26.88,12.65,5,1000.00,1250.00,
673,21.69,25.54,1.23,5,26.77,11.53,5,1000.00,1250.00,
674,21.87,25.71,1.03,5,26.74,13.47,5,1000.00,1250.00,
675,22.53,26.38,1.12,5,27.49,14.98,5,1000.00,1250.00,
676,22.92,26.76,1.24,5,28.00,13.51,5,1000.00,1250.00,
677,22.73,26.58,0.93,5,27.51,10.56,5,1000.00,1250.00,
678,22.02,25.86,1.21,5,27.08,13.71,5,1000.00,1250.00,
679,23.38,27.22,0.99,5,28.21,10.27,5,1000.00,1250.00,
0,0.17,1.71,1.04,2,2.75,10.80,2,100.00,200.00,
1,0.94,2.47,1.22,2,3.69,14.86,2,100.00,200.00,
2,3.76,5.30,1.23,2,6.53,11.41,2,100.00,200.00,
3,3.48,3.48,0.00,66,3.48,11.23,2,100.00,200.00,
4,4.75,11.67,0.98,3,12.65,10.63,3,100.00,550.00,
5,4.60,6.14,1.21,2,7.35,11.37,2,100.00,200.00,
6,4.50,6.04,1.00,2,7.04,12.45,2,100.00,200.00,
7,4.22,5.76,1.06,2,6.82,11.48,2,100.00,200.00,
8,4.09,5.63,1.15,2,6.79,12.19,2,100.00,200.00,
9,4.95,6.49,1.02,2,7.51,14.82,2,100.00,200.00,
10,4.53,6.06,1.01,2,7.08,13.59,2,100.00,200.00,
11,4.15,5.69,1.17,2,6.86,13.30,2,100.00,200.00,
12,4.19,5.73,1.03,2,6.76,12.74,2,100.00,200.00,
13,4.11,5.64,1.21,2,6.85,11.69,2,100.00,200.00,
14,4.53,6.07,1.11,2,7.17,14.11,2,100.00,200.00,
15,4.44,5.98,1.10,2,7.07,12.78,2,100.00,200.00,
16,4.29,5.83,1.07,2,6.90,10.98,2,100.00,200.00,
17,4.32,5.86,1.10,2,6.96,12.06,2,100.00,200.00,
18,4.59,6.13,1.06,2,7.19,12.02,2,100.00,200.00,
19,4.58,6.12,1.09,2,7.21,13.93,2,100.00,200.00,
20,4.60,6.14,0.93,2,7.08,12.61,2,100.00,200.00,
21,4.98,6.52,1.09,2,7.61,13.55,2,100.00,200.00,
22,4.24,5.78,1.33,2,7.12,10.13,2,100.00,200.00,
23,4.57,6.10,1.23,2,7.33,11.67,2,100.00,200.00,
24,4.81,6.35,1.32,2,7.67,13.80,2,100.00,200.00,
25,4.33,5.87,1.17,2,7.04,12.81,2,100.00,200.00,
26,4.99,6.53,1.10,2,7.63,13.83,2,100.00,200.00,
27,4.78,6.32,1.18,2,7.50,11.01,2,100.00,200.00,
28,5.62,7.16,1.22,2,8.38,14.05,2,100.00,200.00,
29,5.18,6.72,1.18,2,7.89,10.56,2,100.00,200.00,
30,5.33,6.87,1.00,2,7.87,14.84,2,100.00,200.00,
31,5.03,6.57,1.26,2,7.82,13.37,2,100.00,200.00,
32,5.19,6.72,1.13,2,7.85,13.78,2,100.00,200.00,
33,5.98,7.51,1.13,2,8.65,10.01,2,100.00,200.00,
34,5.69,5.69,0.00,66,5.69,11.07,2,100.00,200.00,
35,5.90,5.90,0.00,66,5.90,11.37,2,100.00,200.00,
36,5.75,7.29,1.44,2,8.72,14.99,2,100.00,200.00,
37,5.85,5.85,0.00,66,5.85,14.58,2,100.00,200.00,
38,5.23,6.77,1.06,2,7.84,10.43,2,100.00,200.00,
39,5.47,7.01,0.99,2,8.00,14.82,2,100.00,200.00,
40,5.47,7.01,1.03,2,8.04,13.86,2,100.00,200.00,
41,5.01,6.55,1.27,2,7.82,12.59,2,100.00,200.00,
42,5.98,7.52,1.21,2,8.73,12.20,2,100.00,200.00,
43,5.32,6.86,1.17,2,8.03,10.65,2,100.00,200.00,
44,5.87,7.41,1.07,2,8.48,13.31,2,100.00,200.00,
45,5.56,7.10,1.19,2,8.29,13.93,2,100.00,200.00,
46,5.73,5.73,0.00,66,5.73,10.51,2,100.00,200.00,
47,5.76,12.68,1.06,3,13.74,10.67,3,100.00,550.00,
48,5.38,6.92,1.27,2,8.19,14.25,2,100.00,200.00,
49,5.73,7.27,1.22,2,8.49,11.51,2,100.00,200.00,
50,5.73,7.27,1.02,2,8.29,11.15,2,100.00,200.00,
51,5.41,6.94,0.97,2,7.91,14.74,2,100.00,200.00,
52,5.81,12.73,1.03,3,13.76,12.13,3,100.00,550.00,
53,5.23,6.77,1.00,2,7.77,12.56,2,100.00,200.00,
54,5.02,6.55,1.14,2,7.69,14.72,2,100.00,200.00,
55,5.16,6.70,1.12,2,7.82,12.34,2,100.00,200.00,
56,6.73,8.27,1.17,2,9.44,10.58,2,100.00,200.00,
57,6.93,6.93,0.00,66,6.93,12.56,2,100.00,200.00,
58,6.53,13.46,0.87,3,14.33,13.21,3,100.00,550.00,
59,6.62,6.62,0.00,66,6.62,11.13,2,100.00,200.00,
60,6.05,7.59,0.92,2,8.51,14.83,2,100.00,200.00,
61,6.51,8.04,1.24,2,9.29,12.72,2,100.00,200.00,
62,6.71,8.25,1.11,2,9.36,10.67,2,100.00,200.00,
63,6.66,8.20,1.09,2,9.28,12.54,2,100.00,200.00,
64,6.56,8.10,1.09,2,9.19,12.17,2,100.00,200.00,
65,6.57,8.10,1.28,2,9.38,11.25,2,100.00,200.00,
66,6.30,7.84,1.10,2,8.94,13.65,2,100.00,200.00,
67,6.87,8.41,0.97,2,9.38,12.26,2,100.00,200.00,
68,6.14,6.14,0.00,66,6.14,12.97,2,100.00,200.00,
69,6.64,8.18,1.14,2,9.32,10.05,2,100.00,200.00,
70,6.12,7.66,1.04,2,8.69,11.83,2,100.00,200.00,
71,6.72,6.72,0.00,66,6.72,14.21,2,100.00,200.00,
72,6.34,7.88,1.36,2,9.24,10.63,2,100.00,200.00,
73,6.41,7.95,1.05,2,9.00,12.44,2,100.00,200.00,
74,6.07,12.99,1.26,3,14.25,14.58,3,100.00,550.00,
75,6.44,7.98,1.09,2,9.06,13.75,2,100.00,200.00,
76,6.82,13.75,1.20,3,14.95,14.57,3,100.00,550.00,
77,7.18,8.71,1.15,2,9.86,11.08,2,100.00,200.00,
78,7.99,7.99,0.00,66,7.99,13.78,2,100.00,200.00,
79,7.23,7.23,0.00,66,7.23,11.35,2,100.00,200.00,
80,7.02,8.56,1.13,2,9.70,10.52,2,100.00,200.00,
81,7.71,14.63,0.91,3,15.54,14.28,3,100.00,550.00,
82,7.18,8.72,0.98,2,9.71,11.49,2,100.00,200.00,
83,7.60,9.14,0.99,2,10.13,14.48,2,100.00,200.00,
84,7.07,8.61,1.24,2,9.86,14.21,2,100.00,200.00,
85,7.01,8.55,1.07,2,9.63,12.75,2,100.00,200.00,
86,7.32,8.86,1.10,2,9.96,11.72,2,100.00,200.00,
87,7.71,9.25,1.02,2,10.27,14.06,2,100.00,200.00,
88,7.12,8.66,1.29,2,9.95,10.82,2,100.00,200.00,
89,7.62,9.16,0.93,2,10.08,11.55,2,100.00,200.00,
90,7.43,8.97,1.15,2,10.12,10.21,2,100.00,200.00,
91,7.86,9.40,1.08,2,10.48,11.22,2,100.00,200.00,
92,7.32,8.85,1.29,2,10.14,10.00,2,100.00,200.00,
93,7.57,9.11,1.10,2,10.21,14.24,2,100.00,200.00,
94,7.82,9.36,1.06,2,10.42,12.27,2,100.00,200.00,
95,7.86,9.40,0.99,2,10.40,12.52,2,100.00,200.00,
96,7.74,14.67,1.45,3,16.11,14.62,3,100.00,550.00,
97,7.12,7.12,0.00,66,7.12,14.81,2,100.00,200.00,
98,7.84,9.37,1.22,2,10.60,14.24,2,100.00,200.00,
99,8.70,10.24,1.16,2,11.39,11.35,2,100.00,200.00,
100,8.81,8.81,0.00,66,8.81,12.89,2,100.00,200.00,
101,8.31,9.85,0.94,2,10.80,12.49,2,100.00,200.00,
102,8.73,10.27,1.05,2,11.32,12.96,2,100.00,200.00,
103,8.58,8.58,0.00,66,8.58,11.91,2,100.00,200.00,
104,8.53,10.07,1.15,2,11.21,13.47,2,100.00,200.00,
105,8.26,9.80,1.19,2,10.99,10.87,2,100.00,200.00,
106,8.06,9.60,1.18,2,10.78,12.24,2,100.00,200.00,
107,8.24,15.17,1.13,3,16.30,10.09,3,100.00,550.00,
108,8.63,10.17,1.09,2,11.26,13.94,2,100.00,200.00,
109,8.36,9.90,1.03,2,10.93,12.04,2,100.00,200.00,
110,8.42,9.96,0.99,2,10.95,14.62,2,100.00,200.00,
111,8.20,9.73,1.14,2,10.87,13.42,2,100.00,200.00,
112,8.90,10.43,1.20,2,11.63,12.09,2,100.00,200.00,
113,8.81,15.74,1.19,3,16.93,13.76,3,100.00,550.00,
114,8.07,9.60,1.23,2,10.83,14.11,2,100.00,200.00,
115,8.89,10.43,0.98,2,11.40,13.60,2,100.00,200.00,
116,8.19,9.73,1.04,2,10.76,11.06,2,100.00,200.00,
117,8.08,9.62,1.14,2,10.77,14.71,2,100.00,200.00,
118,8.45,9.99,0.80,2,10.79,13.80,2,100.00,200.00,
119,8.13,15.05,0.94,3,16.00,13.20,3,100.00,550.00,
120,8.81,10.35,1.17,2,11.52,11.38,2,100.00,200.00,
121,8.63,10.16,1.23,2,11.39,14.27,2,100.00,200.00,
122,8.15,9.68,0.94,2,10.62,14.42,2,100.00,200.00,
123,8.13,9.67,1.23,2,10.89,13.94,2,100.00,200.00,
124,9.04,10.58,1.07,2,11.65,14.13,2,100.00,200.00,
125,9.16,10.70,1.22,2,11.92,13.90,2,100.00,200.00,
126,9.26,9.26,0.00,66,9.26,13.31,2,100.00,200.00,
127,9.89,11.42,1.41,2,12.83,13.90,2,100.00,200.00,
128,9.43,10.97,1.19,2,12.16,13.31,2,100.00,200.00,
129,9.36,10.90,1.00,2,11.90,10.28,2,100.00,200.00,
130,9.77,11.31,1.07,2,12.37,14.37,2,100.00,200.00,
131,9.16,10.70,1.00,2,11.70,10.40,2,100.00,200.00,
132,9.32,10.86,1.35,2,12.22,12.62,2,100.00,200.00,
133,9.56,11.10,0.97,2,12.06,13.23,2,100.00,200.00,
134,9.60,11.13,1.21,2,12.34,12.55,2,100.00,200.00,
135,9.20,16.13,1.07,3,17.20,10.06,3,100.00,550.00,
136,9.21,10.75,1.32,2,12.07,12.73,2,100.00,200.00,
137,10.57,10.57,0.00,66,10.57,13.31,2,100.00,200.00,
138,10.87,12.41,1.13,2,13.53,11.36,2,100.00,200.00,
139,10.78,10.78,0.00,66,10.78,10.00,2,100.00,200.00,
140,10.27,11.81,1.19,2,12.99,10.32,2,100.00,200.00,
141,10.75,12.29,1.04,2,13.33,13.03,2,100.00,200.00,
142,10.59,12.13,1.05,2,13.18,13.28,2,100.00,200.00,
143,10.67,12.21,1.10,2,13.31,14.02,2,100.00,200.00,
144,10.39,11.93,1.11,2,13.04,12.07,2,100.00,200.00,
145,10.37,11.91,1.02,2,12.93,12.97,2,100.00,200.00,
146,10.80,12.33,1.20,2,13.53,12.65,2,100.00,200.00,
147,10.20,11.74,1.04,2,12.78,13.53,2,100.00,200.00,
148,10.12,11.66,1.08,2,12.74,14.06,2,100.00,200.00,
149,10.94,12.48,0.97,2,13.44,11.61,2,100.00,200.00,
150,10.85,10.85,0.00,66,10.85,14.65,2,100.00,200.00,
151,10.89,12.43,1.14,2,13.57,11.89,2,100.00,200.00,
152,10.59,12.13,1.21,2,13.34,14.26,2,100.00,200.00,
153,10.56,10.56,0.00,66,10.56,10.35,2,100.00,200.00,
154,10.66,12.20,1.04,2,13.24,11.86,2,100.00,200.00,
155,10.11,11.65,0.96,2,12.61,11.86,2,100.00,200.00,
156,11.75,18.67,1.21,3,19.89,10.40,3,100.00,550.00,
157,11.48,11.48,0.00,66,11.48,13.85,2,100.00,200.00,
158,11.88,18.81,1.07,3,19.87,12.08,3,100.00,550.00,
159,11.58,13.12,1.22,2,14.34,11.90,2,100.00,200.00,
160,11.67,13.21,1.12,2,14.33,11.44,2,100.00,200.00,
161,11.53,13.07,0.98,2,14.05,10.04,2,100.00,200.00,
162,11.90,13.44,0.88,2,14.32,14.96,2,100.00,200.00,
163,11.10,12.63,0.94,2,13.58,10.73,2,100.00,200.00,
164,11.51,13.05,1.16,2,14.20,11.03,2,100.00,200.00,
165,11.51,13.05,1.21,2,14.25,11.93,2,100.00,200.00,
166,11.40,12.94,1.01,2,13.95,10.59,2,100.00,200.00,
167,11.57,13.11,1.24,2,14.35,14.90,2,100.00,200.00,
168,11.13,11.13,0.00,66,11.13,11.02,2,100.00,200.00,
169,12.47,19.39,1.04,3,20.43,12.71,3,100.00,550.00,
170,12.17,13.71,1.08,2,14.79,14.00,2,100.00,200.00,
171,12.75,14.29,1.05,2,15.34,11.80,2,100.00,200.00,
172,12.11,13.65,1.16,2,14.81,14.41,2,100.00,200.00,
173,12.69,14.23,1.25,2,15.47,10.87,2,100.00,200.00,
174,12.34,13.88,1.29,2,15.17,12.37,2,100.00,200.00,
175,12.75,14.29,1.33,2,15.62,10.74,2,100.00,200.00,
176,12.33,13.86,1.02,2,14.89,10.25,2,100.00,200.00,
177,12.85,14.39,0.96,2,15.34,13.23,2,100.00,200.00,
178,12.63,14.17,1.00,2,15.17,14.13,2,100.00,200.00,
179,12.25,13.79,1.13,2,14.92,10.38,2,100.00,200.00,
180,12.37,13.91,1.08,2,14.99,11.57,2,100.00,200.00,
181,12.01,18.93,1.09,3,20.02,14.18,3,100.00,550.00,
182,12.10,13.64,1.28,2,14.92,12.67,2,100.00,200.00,
183,12.98,14.52,1.00,2,15.51,11.97,2,100.00,200.00,
184,12.69,12.69,0.00,66,12.69,13.19,2,100.00,200.00,
185,12.32,13.86,1.22,2,15.09,12.46,2,100.00,200.00,
186,13.50,15.04,1.12,2,16.16,10.60,2,100.00,200.00,
187,13.11,14.65,1.28,2,15.93,13.10,2,100.00,200.00,
188,13.52,15.06,1.20,2,16.26,11.98,2,100.00,200.00,
189,13.16,14.70,1.07,2,15.77,12.93,2,100.00,200.00,
190,13.47,15.01,1.25,2,16.26,10.47,2,100.00,200.00,
191,13.22,13.22,0.00,66,13.22,12.82,2,100.00,200.00,
192,13.59,15.13,1.15,2,16.27,11.90,2,100.00,200.00,
193,13.66,15.20,1.08,2,16.28,13.10,2,100.00,200.00,
194,13.04,14.58,1.24,2,15.82,10.62,2,100.00,200.00,
195,13.72,15.26,1.29,2,16.55,10.13,2,100.00,200.00,
196,13.10,14.64,0.99,2,15.63,10.00,2,100.00,200.00,
197,13.44,14.98,1.03,2,16.01,10.18,2,100.00,200.00,
198,13.92,13.92,0.00,66,13.92,13.81,2,100.00,200.00,
199,13.60,15.14,1.09,2,16.22,11.02,2,100.00,200.00,
200,14.62,16.16,1.01,2,17.16,11.66,2,100.00,200.00,
201,14.90,14.90,0.00,66,14.90,14.69,2,100.00,200.00,
202,14.73,16.27,0.96,2,17.23,10.34,2,100.00,200.00,
203,14.52,16.06,1.28,2,17.34,11.88,2,100.00,200.00,
204,14.65,16.19,1.15,2,17.34,12.20,2,100.00,200.00,
205,14.12,15.66,1.22,2,16.88,11.37,2,100.00,200.00,
206,14.27,15.81,0.99,2,16.80,13.09,2,100.00,200.00,
207,14.32,15.85,1.15,2,17.00,13.15,2,100.00,200.00,
208,14.73,16.27,1.04,2,17.31,11.61,2,100.00,200.00,
209,14.84,16.38,1.09,2,17.47,10.48,2,100.00,200.00,
210,14.80,21.72,1.03,3,22.75,13.63,3,100.00,550.00,
211,15.36,16.90,1.07,2,17.97,12.86,2,100.00,200.00,
212,15.54,17.08,0.94,2,18.02,14.11,2,100.00,200.00,
213,15.28,16.82,1.04,2,17.86,12.62,2,100.00,200.00,
214,15.99,15.99,0.00,66,15.99,12.65,2,100.00,200.00,
215,15.84,15.84,0.00,66,15.84,13.66,2,100.00,200.00,
216,16.00,17.54,1.24,2,18.78,13.06,2,100.00,200.00,
217,15.47,17.01,1.13,2,18.15,10.85,2,100.00,200.00,
218,15.79,17.33,1.15,2,18.48,13.06,2,100.00,200.00,
219,15.30,16.84,1.13,2,17.97,11.46,2,100.00,200.00,
220,15.27,16.81,1.09,2,17.90,12.18,2,100.00,200.00,
221,15.69,17.23,1.04,2,18.27,14.22,2,100.00,200.00,
222,15.39,16.92,1.23,2,18.16,13.51,2,100.00,200.00,
223,15.24,22.16,1.14,3,23.30,10.66,3,100.00,550.00,
224,15.82,17.36,0.93,2,18.29,10.23,2,100.00,200.00,
225,15.61,17.15,0.92,2,18.08,14.45,2,100.00,200.00,
226,15.95,17.49,1.13,2,18.62,10.49,2,100.00,200.00,
227,16.19,17.73,1.09,2,18.82,13.42,2,100.00,200.00,
228,16.67,18.21,1.24,2,19.46,13.58,2,100.00,200.00,
229,16.96,18.50,1.17,2,19.67,10.92,2,100.00,200.00,
230,16.13,17.67,1.12,2,18.79,13.84,2,100.00,200.00,
231,16.84,18.37,1.17,2,19.55,11.59,2,100.00,200.00,
232,16.91,18.45,1.07,2,19.52,10.48,2,100.00,200.00,
233,16.53,18.07,1.11,2,19.18,10.03,2,100.00,200.00,
234,16.57,18.11,1.02,2,19.13,11.01,2,100.00,200.00,
235,16.56,18.10,1.00,2,19.10,11.70,2,100.00,200.00,
236,16.64,23.57,1.20,3,24.76,11.45,3,100.00,550.00,
237,16.58,16.58,0.00,66,16.58,12.59,2,100.00,200.00,
238,16.10,17.64,0.95,2,18.59,10.70,2,100.00,200.00,
239,16.49,18.02,1.17,2,19.19,13.63,2,100.00,200.00,
240,16.28,17.81,1.07,2,18.88,10.99,2,100.00,200.00,
241,16.71,23.63,1.03,3,24.66,10.06,3,100.00,550.00,
242,16.11,17.65,1.23,2,18.88,13.76,2,100.00,200.00,
243,17.69,19.23,1.07,2,20.30,12.60,2,100.00,200.00,
244,17.57,19.11,1.16,2,20.27,12.60,2,100.00,200.00,
245,17.23,24.15,1.14,3,25.29,14.71,3,100.00,550.00,
246,17.31,24.23,0.88,3,25.11,11.04,3,100.00,550.00,
247,17.97,19.51,0.97,2,20.48,10.94,2,100.00,200.00,
248,17.90,19.44,1.03,2,20.47,14.56,2,100.00,200.00,
249,17.49,19.03,1.11,2,20.14,10.20,2,100.00,200.00,
250,17.22,18.76,1.27,2,20.03,12.95,2,100.00,200.00,
251,17.18,18.72,1.04,2,19.75,10.88,2,100.00,200.00,
252,17.14,18.68,1.12,2,19.80,12.25,2,100.00,200.00,
253,17.16,18.70,1.13,2,19.83,10.36,2,100.00,200.00,
254,17.19,18.73,1.06,2,19.79,13.58,2,100.00,200.00,
255,17.00,17.00,0.00,66,17.00,10.72,2,100.00,200.00,
256,17.48,19.02,1.04,2,20.06,13.91,2,100.00,200.00,
257,17.15,18.69,1.22,2,19.92,12.75,2,100.00,200.00,
258,17.70,19.24,1.08,2,20.31,14.90,2,100.00,200.00,
259,17.86,19.40,1.08,2,20.48,14.49,2,100.00,200.00,
260,17.21,18.74,1.14,2,19.88,14.17,2,100.00,200.00,
261,17.42,18.96,1.24,2,20.19,12.15,2,100.00,200.00,
262,17.55,19.08,1.10,2,20.18,11.64,2,100.00,200.00,
263,17.31,18.85,1.04,2,19.88,13.07,2,100.00,200.00,
264,18.36,19.89,1.21,2,21.11,10.01,2,100.00,200.00,
265,18.09,19.63,1.13,2,20.75,14.03,2,100.00,200.00,
266,18.03,18.03,0.00,66,18.03,11.19,2,100.00,200.00,
267,18.45,19.99,1.16,2,21.15,10.72,2,100.00,200.00,
268,18.10,18.10,0.00,66,18.10,13.03,2,100.00,200.00,
269,18.43,19.97,1.16,2,21.12,10.98,2,100.00,200.00,
270,18.60,20.14,1.16,2,21.30,10.19,2,100.00,200.00,
271,18.05,19.59,1.26,2,20.85,12.76,2,100.00,200.00,
272,18.50,20.04,1.19,2,21.23,13.07,2,100.00,200.00,
273,18.49,25.42,1.14,3,26.56,10.17,3,100.00,550.00,
274,18.91,20.45,1.09,2,21.54,13.23,2,100.00,200.00,
275,18.79,20.33,1.00,2,21.32,10.24,2,100.00,200.00,
276,18.48,18.48,0.00,66,18.48,13.85,2,100.00,200.00,
277,18.06,19.59,1.06,2,20.66,10.62,2,100.00,200.00,
278,18.73,20.27,1.06,2,21.33,13.12,2,100.00,200.00,
279,18.81,20.35,1.13,2,21.48,12.24,2,100.00,200.00,
280,18.18,19.72,1.15,2,20.87,14.03,2,100.00,200.00,
281,18.98,20.52,1.17,2,21.69,12.51,2,100.00,200.00,
282,19.83,21.37,1.15,2,22.52,10.23,2,100.00,200.00,
283,19.50,21.04,1.32,2,22.37,13.46,2,100.00,200.00,
284,19.17,19.17,0.00,66,19.17,10.54,2,100.00,200.00,
285,19.12,20.65,1.15,2,21.80,13.76,2,100.00,200.00,
286,19.79,19.79,0.00,66,19.79,10.14,2,100.00,200.00,
287,19.16,20.70,1.19,2,21.89,12.56,2,100.00,200.00,
288,19.60,21.14,1.15,2,22.29,12.08,2,100.00,200.00,
289,19.77,26.69,1.08,3,27.78,14.04,3,100.00,550.00,
290,19.19,20.73,0.94,2,21.67,11.75,2,100.00,200.00,
291,19.75,21.29,1.31,2,22.59,12.85,2,100.00,200.00,
292,19.97,21.51,1.16,2,22.66,11.69,2,100.00,200.00,
293,19.02,20.56,0.96,2,21.52,10.77,2,100.00,200.00,
294,19.12,20.66,1.15,2,21.81,10.81,2,100.00,200.00,
295,19.57,21.11,1.33,2,22.44,11.69,2,100.00,200.00,
296,19.02,19.02,0.00,66,19.02,14.46,2,100.00,200.00,
297,19.92,21.46,1.20,2,22.66,14.04,2,100.00,200.00,
298,19.34,20.88,1.23,2,22.11,10.13,2,100.00,200.00,
299,19.70,21.24,1.15,2,22.39,14.80,2,100.00,200.00,
300,19.26,20.80,0.94,2,21.74,13.61,2,100.00,200.00,
301,19.73,21.26,1.15,2,22.42,14.25,2,100.00,200.00,
302,19.62,21.15,0.99,2,22.14,12.89,2,100.00,200.00,
303,19.58,21.12,1.27,2,22.39,12.05,2,100.00,200.00,
304,19.87,21.41,1.25,2,22.66,11.73,2,100.00,200.00,
305,19.85,26.77,1.01,3,27.79,14.82,3,100.00,550.00,
306,19.42,20.96,1.04,2,21.99,14.28,2,100.00,200.00,
307,19.89,19.89,0.00,66,19.89,12.00,2,100.00,200.00,
308,20.73,22.27,0.92,2,23.20,10.56,2,100.00,200.00,
309,20.36,21.90,1.14,2,23.04,13.07,2,100.00,200.00,
310,20.29,21.83,1.07,2,22.90,12.93,2,100.00,200.00,
311,20.90,20.90,0.00,66,20.90,14.20,2,100.00,200.00,
312,20.54,22.08,0.98,2,23.07,14.37,2,100.00,200.00,
313,20.28,21.82,0.80,2,22.62,13.74,2,100.00,200.00,
314,20.68,27.61,1.02,3,28.63,12.41,3,100.00,550.00,
315,21.00,21.00,0.00,66,21.00,14.94,2,100.00,200.00,
316,20.31,21.85,1.09,2,22.94,14.55,2,100.00,200.00,
317,20.03,20.03,0.00,66,20.03,14.81,2,100.00,200.00,
318,20.21,21.75,1.02,2,22.76,11.32,2,100.00,200.00,
319,20.08,21.61,0.99,2,22.60,11.13,2,100.00,200.00,
320,20.33,21.87,1.33,2,23.20,10.67,2,100.00,200.00,
321,21.20,22.74,1.24,2,23.97,13.39,2,100.00,200.00,
322,21.60,23.14,1.02,2,24.16,12.53,2,100.00,200.00,
323,21.09,22.63,1.04,2,23.67,14.37,2,100.00,200.00,
324,21.78,23.32,1.05,2,24.37,13.46,2,100.00,200.00,
325,21.72,23.26,1.18,2,24.44,14.30,2,100.00,200.00,
326,21.43,22.97,1.05,2,24.02,12.69,2,100.00,200.00,
327,21.38,22.92,0.95,2,23.87,14.04,2,100.00,200.00,
328,21.17,22.71,1.00,2,23.71,13.19,2,100.00,200.00,
329,21.09,22.63,1.36,2,23.99,10.76,2,100.00,200.00,
330,21.12,22.66,1.11,2,23.76,14.97,2,100.00,200.00,
331,21.90,23.44,1.17,2,24.61,11.57,2,100.00,200.00,
332,21.02,22.56,1.01,2,23.57,13.90,2,100.00,200.00,
333,21.60,21.60,0.00,66,21.60,11.69,2,100.00,200.00,
334,21.76,23.30,1.20,2,24.50,10.63,2,100.00,200.00,
335,22.55,24.08,1.06,2,25.14,14.57,2,100.00,200.00,
336,22.80,24.33,1.22,2,25.56,13.94,2,100.00,200.00,
337,22.17,23.71,1.22,2,24.92,13.53,2,100.00,200.00,
338,22.05,23.59,1.13,2,24.72,10.05,2,100.00,200.00,
339,23.78,25.32,1.11,2,26.42,11.51,2,100.00,200.00,
340,0.51,4.36,1.03,5,5.39,12.06,5,1000.00,1250.00,
341,0.91,4.75,0.93,5,5.69,13.84,5,1000.00,1250.00,
342,3.53,7.38,1.12,5,8.50,14.43,5,1000.00,1250.00,
343,3.58,3.58,0.00,66,3.58,14.70,4,1000.00,800.00,
344,4.08,7.93,1.26,5,9.19,14.12,5,1000.00,1250.00,
345,4.69,8.54,1.25,5,9.79,14.62,5,1000.00,1250.00,
346,4.35,8.19,1.14,5,9.33,12.79,5,1000.00,1250.00,
347,4.62,8.46,1.19,5,9.65,12.12,5,1000.00,1250.00,
348,4.72,8.56,1.02,5,9.58,10.34,5,1000.00,1250.00,
349,4.14,7.98,0.99,5,8.98,12.12,5,1000.00,1250.00,
350,4.86,8.71,1.15,5,9.86,13.22,5,1000.00,1250.00,
351,4.28,8.12,0.96,5,9.08,12.90,5,1000.00,1250.00,
352,4.09,7.93,1.21,5,9.14,14.15,5,1000.00,1250.00,
353,4.68,8.52,1.06,5,9.58,11.21,5,1000.00,1250.00,
354,4.19,8.04,1.07,5,9.11,11.32,5,1000.00,1250.00,
355,4.76,8.60,1.05,5,9.65,11.47,5,1000.00,1250.00,
356,4.43,8.28,1.20,5,9.47,10.68,5,1000.00,1250.00,
357,4.68,8.53,0.96,5,9.49,11.14,5,1000.00,1250.00,
358,4.05,7.90,1.04,5,8.94,14.63,5,1000.00,1250.00,
359,4.68,4.68,0.00,66,4.68,12.79,4,1000.00,800.00,
360,4.09,7.93,0.92,5,8.86,11.88,5,1000.00,1250.00,
361,4.97,8.82,1.08,5,9.90,13.96,5,1000.00,1250.00,
362,4.18,8.02,1.05,5,9.07,11.31,5,1000.00,1250.00,
363,4.79,8.64,1.22,5,9.86,12.55,5,1000.00,1250.00,
364,4.57,8.42,1.14,5,9.55,14.52,5,1000.00,1250.00,
365,4.49,8.33,1.02,5,9.36,13.04,5,1000.00,1250.00,
366,4.28,8.13,1.09,5,9.22,14.94,5,1000.00,1250.00,
367,4.05,7.90,1.08,5,8.98,12.14,5,1000.00,1250.00,
368,5.23,9.08,1.07,5,10.15,12.58,5,1000.00,1250.00,
369,5.98,9.82,1.09,5,10.92,13.56,5,1000.00,1250.00,
370,5.18,9.03,1.16,5,10.19,13.29,5,1000.00,1250.00,
371,5.52,9.36,1.08,5,10.45,12.30,5,1000.00,1250.00,
372,5.21,9.06,1.23,5,10.29,14.68,5,1000.00,1250.00,
373,5.79,9.64,1.05,5,10.68,10.78,5,1000.00,1250.00,
374,5.20,9.04,1.15,5,10.19,12.97,5,1000.00,1250.00,
375,5.54,9.38,1.24,5,10.62,11.41,5,1000.00,1250.00,
376,5.91,9.76,1.03,5,10.79,12.77,5,1000.00,1250.00,
377,5.87,9.72,1.15,5,10.87,11.53,5,1000.00,1250.00,
378,5.81,9.65,1.13,5,10.78,10.35,5,1000.00,1250.00,
379,5.94,9.79,1.18,5,10.97,11.89,5,1000.00,1250.00,
380,5.17,9.02,1.26,5,10.28,14.11,5,1000.00,1250.00,
381,5.67,9.51,1.07,5,10.58,10.03,5,1000.00,1250.00,
382,5.81,9.65,1.06,5,10.71,12.51,5,1000.00,1250.00,
383,5.04,8.89,1.07,5,9.96,10.50,5,1000.00,1250.00,
384,5.12,8.97,1.38,5,10.35,14.57,5,1000.00,1250.00,
385,5.64,9.49,1.24,5,10.73,14.39,5,1000.00,1250.00,
386,5.41,9.26,1.09,5,10.35,11.70,5,1000.00,1250.00,
387,5.39,9.23,1.04,5,10.28,10.45,5,1000.00,1250.00,
388,5.34,9.19,0.98,5,10.17,11.61,5,1000.00,1250.00,
389,5.23,9.08,0.99,5,10.07,12.03,5,1000.00,1250.00,
390,5.42,5.42,0.00,66,5.42,12.04,4,1000.00,800.00,
391,5.30,9.14,1.04,5,10.18,10.63,5,1000.00,1250.00,
392,5.01,5.01,0.00,66,5.01,14.16,4,1000.00,800.00,
393,5.18,9.03,1.15,5,10.18,14.14,5,1000.00,1250.00,
394,5.62,9.47,1.06,5,10.53,13.39,5,1000.00,1250.00,
395,5.73,9.58,1.07,5,10.65,11.71,5,1000.00,1250.00,
396,6.30,10.15,1.33,5,11.47,14.45,5,1000.00,1250.00,
397,6.09,9.93,1.24,5,11.18,12.44,5,1000.00,1250.00,
398,6.46,10.31,1.46,5,11.77,12.51,5,1000.00,1250.00,
399,6.21,10.06,1.17,5,11.23,10.75,5,1000.00,1250.00,
400,6.31,10.16,1.11,5,11.26,12.56,5,1000.00,1250.00,
401,6.89,6.89,0.00,66,6.89,10.19,4,1000.00,800.00,
402,6.38,10.23,1.14,5,11.37,10.24,5,1000.00,1250.00,
403,6.56,6.56,0.00,66,6.56,10.68,4,1000.00,800.00,
404,6.80,10.64,1.10,5,11.75,12.30,5,1000.00,1250.00,
405,6.51,10.35,1.22,5,11.57,12.91,5,1000.00,1250.00,
406,6.39,10.24,0.98,5,11.22,10.83,5,1000.00,1250.00,
407,6.84,10.69,1.08,5,11.77,11.65,5,1000.00,1250.00,
408,6.12,9.97,1.11,5,11.07,14.66,5,1000.00,1250.00,
409,6.19,10.04,1.00,5,11.04,12.67,5,1000.00,1250.00,
410,6.93,10.78,1.08,5,11.86,10.58,5,1000.00,1250.00,
411,6.39,10.24,0.98,5,11.22,10.56,5,1000.00,1250.00,
412,6.60,6.60,0.00,66,6.60,11.93,4,1000.00,800.00,
413,6.47,10.32,1.34,5,11.66,13.65,5,1000.00,1250.00,
414,6.17,10.01,1.16,5,11.18,12.75,5,1000.00,1250.00,
415,6.14,9.98,1.33,5,11.31,13.51,5,1000.00,1250.00,
416,6.27,10.12,1.09,5,11.21,11.06,5,1000.00,1250.00,
417,7.69,11.54,1.06,5,12.60,14.55,5,1000.00,1250.00,
418,7.04,7.04,0.00,66,7.04,11.78,4,1000.00,800.00,
419,7.44,11.29,1.21,5,12.50,11.07,5,1000.00,1250.00,
420,7.68,11.53,1.21,5,12.74,13.61,5,1000.00,1250.00,
421,7.59,7.59,0.00,66,7.59,10.49,4,1000.00,800.00,
422,7.98,11.83,0.96,5,12.79,11.55,5,1000.00,1250.00,
423,7.75,11.60,1.08,5,12.68,11.56,5,1000.00,1250.00,
424,7.10,10.95,1.03,5,11.98,11.99,5,1000.00,1250.00,
425,7.77,11.61,1.05,5,12.66,10.57,5,1000.00,1250.00,
426,7.05,10.90,1.06,5,11.96,10.89,5,1000.00,1250.00,
427,7.48,11.32,1.08,5,12.40,14.81,5,1000.00,1250.00,
428,7.02,7.02,0.00,66,7.02,10.75,4,1000.00,800.00,
429,7.35,7.35,0.00,66,7.35,13.45,4,1000.00,800.00,
430,7.47,7.47,0.00,66,7.47,10.89,4,1000.00,800.00,
431,7.97,7.97,0.00,66,7.97,12.05,4,1000.00,800.00,
432,7.74,11.58,1.03,5,12.61,12.34,5,1000.00,1250.00,
433,7.39,11.24,1.00,5,12.24,12.80,5,1000.00,1250.00,
434,7.76,11.61,1.20,5,12.81,10.77,5,1000.00,1250.00,
435,7.43,11.27,1.19,5,12.46,10.38,5,1000.00,1250.00,
436,7.30,11.15,1.05,5,12.20,11.11,5,1000.00,1250.00,
437,7.65,7.65,0.00,66,7.65,13.90,4,1000.00,800.00,
438,7.40,11.24,1.16,5,12.41,14.19,5,1000.00,1250.00,
439,9.00,12.85,1.02,5,13.87,13.14,5,1000.00,1250.00,
440,8.29,12.14,0.97,5,13.11,10.46,5,1000.00,1250.00,
441,8.26,12.10,1.07,5,13.17,11.08,5,1000.00,1250.00,
442,8.91,8.91,0.00,66,8.91,14.44,4,1000.00,800.00,
443,8.86,12.70,1.27,5,13.97,11.80,5,1000.00,1250.00,
444,8.55,8.55,0.00,66,8.55,12.87,4,1000.00,800.00,
445,8.44,12.29,1.12,5,13.41,14.39,5,1000.00,1250.00,
446,8.16,12.00,1.12,5,13.12,11.47,5,1000.00,1250.00,
447,8.84,8.84,0.00,66,8.84,14.76,4,1000.00,800.00,
448,8.01,11.85,0.92,5,12.77,12.58,5,1000.00,1250.00,
449,8.13,8.13,0.00,66,8.13,10.95,4,1000.00,800.00,
450,9.00,12.85,0.95,5,13.80,10.41,5,1000.00,1250.00,
451,8.45,12.30,1.04,5,13.34,13.75,5,1000.00,1250.00,
452,8.36,12.21,1.10,5,13.31,11.88,5,1000.00,1250.00,
453,8.77,8.77,0.00,66,8.77,11.29,4,1000.00,800.00,
454,8.22,12.06,1.21,5,13.27,12.05,5,1000.00,1250.00,
455,8.94,12.79,1.06,5,13.85,10.37,5,1000.00,1250.00,
456,8.41,12.26,1.21,5,13.47,14.24,5,1000.00,1250.00,
457,8.28,12.12,1.25,5,13.37,14.39,5,1000.00,1250.00,
458,8.42,12.27,1.07,5,13.34,11.75,5,1000.00,1250.00,
459,8.58,12.42,1.18,5,13.60,12.69,5,1000.00,1250.00,
460,8.12,11.97,1.16,5,13.13,10.89,5,1000.00,1250.00,
461,8.70,12.55,1.03,5,13.58,13.72,5,1000.00,1250.00,
462,8.38,8.38,0.00,66,8.38,10.34,4,1000.00,800.00,
463,8.23,12.08,0.97,5,13.05,14.26,5,1000.00,1250.00,
464,9.93,13.78,1.23,5,15.01,14.80,5,1000.00,1250.00,
465,9.87,13.71,1.00,5,14.71,13.99,5,1000.00,1250.00,
466,9.66,13.51,1.08,5,14.59,11.22,5,1000.00,1250.00,
467,9.51,13.35,1.17,5,14.52,11.54,5,1000.00,1250.00,
468,9.46,13.31,1.60,5,14.91,10.43,5,1000.00,1250.00,
469,9.42,13.27,1.14,5,14.41,14.73,5,1000.00,1250.00,
470,9.68,13.53,1.14,5,14.67,12.72,5,1000.00,1250.00,
471,9.41,9.41,0.00,66,9.41,12.57,4,1000.00,800.00,
472,9.75,13.59,1.14,5,14.74,10.52,5,1000.00,1250.00,
473,9.46,13.31,0.94,5,14.25,13.42,5,1000.00,1250.00,
474,9.13,12.97,1.35,5,14.33,14.85,5,1000.00,1250.00,
475,9.67,13.52,0.94,5,14.45,11.53,5,1000.00,1250.00,
476,9.51,13.36,1.25,5,14.60,12.49,5,1000.00,1250.00,
477,10.27,10.27,0.00,66,10.27,10.83,4,1000.00,800.00,
478,10.04,13.89,1.17,5,15.06,10.28,5,1000.00,1250.00,
479,10.18,14.03,1.25,5,15.28,12.31,5,1000.00,1250.00,
480,10.79,14.64,1.02,5,15.66,14.61,5,1000.00,1250.00,
481,10.80,14.65,1.12,5,15.77,11.64,5,1000.00,1250.00,
482,10.33,14.17,0.83,5,15.01,10.44,5,1000.00,1250.00,
483,10.27,14.11,0.96,5,15.07,12.38,5,1000.00,1250.00,
484,10.28,14.12,1.02,5,15.14,12.28,5,1000.00,1250.00,
485,10.46,14.30,1.02,5,15.33,12.45,5,1000.00,1250.00,
486,10.19,14.04,1.00,5,15.04,12.83,5,1000.00,1250.00,
487,10.69,14.54,1.18,5,15.72,10.70,5,1000.00,1250.00,
488,10.23,14.08,1.14,5,15.22,14.96,5,1000.00,1250.00,
489,10.11,13.96,1.09,5,15.05,11.01,5,1000.00,1250.00,
490,10.90,14.74,1.31,5,16.05,10.86,5,1000.00,1250.00,
491,10.52,14.37,0.92,5,15.29,14.51,5,1000.00,1250.00,
492,10.43,14.28,1.10,5,15.38,13.16,5,1000.00,1250.00,
493,10.05,10.05,0.00,66,10.05,11.50,4,1000.00,800.00,
494,10.42,14.26,1.01,5,15.27,10.07,5,1000.00,1250.00,
495,10.85,10.85,0.00,66,10.85,11.21,4,1000.00,800.00,
496,11.25,15.09,1.12,5,16.22,13.65,5,1000.00,1250.00,
497,11.36,15.21,1.12,5,16.33,11.07,5,1000.00,1250.00,
498,11.47,15.31,1.27,5,16.59,12.40,5,1000.00,1250.00,
499,11.32,11.32,0.00,66,11.32,12.48,4,1000.00,800.00,
500,11.01,11.01,0.00,66,11.01,10.32,4,1000.00,800.00,
501,11.92,15.76,1.27,5,17.03,12.44,5,1000.00,1250.00,
502,11.32,15.16,1.06,5,16.22,14.59,5,1000.00,1250.00,
503,11.52,15.36,1.03,5,16.39,10.96,5,1000.00,1250.00,
504,11.56,11.56,0.00,66,11.56,13.54,4,1000.00,800.00,
505,11.27,15.11,1.15,5,16.27,14.69,5,1000.00,1250.00,
506,11.21,15.06,1.03,5,16.09,14.22,5,1000.00,1250.00,
507,11.01,14.86,1.09,5,15.95,14.44,5,1000.00,1250.00,
508,11.51,15.35,1.07,5,16.42,11.84,5,1000.00,1250.00,
509,12.36,12.36,0.00,66,12.36,11.00,4,1000.00,800.00,
510,12.74,16.58,1.00,5,17.59,10.61,5,1000.00,1250.00,
511,12.25,16.10,1.13,5,17.22,14.29,5,1000.00,1250.00,
512,13.00,13.00,0.00,66,13.00,13.74,4,1000.00,800.00,
513,12.61,16.45,1.16,5,17.61,11.61,5,1000.00,1250.00,
514,12.27,16.12,0.95,5,17.07,11.48,5,1000.00,1250.00,
515,12.53,16.38,0.99,5,17.37,10.53,5,1000.00,1250.00,
516,12.80,12.80,0.00,66,12.80,12.57,4,1000.00,800.00,
517,12.71,16.55,1.24,5,17.79,12.67,5,1000.00,1250.00,
518,12.08,15.93,1.11,5,17.03,13.20,5,1000.00,1250.00,
519,12.21,16.06,1.08,5,17.14,13.51,5,1000.00,1250.00,
520,12.53,16.38,1.07,5,17.45,10.71,5,1000.00,1250.00,
521,12.42,16.26,1.02,5,17.28,10.95,5,1000.00,1250.00,
522,12.21,12.21,0.00,66,12.21,12.29,4,1000.00,800.00,
523,12.07,15.92,1.10,5,17.02,11.38,5,1000.00,1250.00,
524,12.59,16.44,1.02,5,17.46,14.89,5,1000.00,1250.00,
525,12.08,15.93,0.98,5,16.91,11.75,5,1000.00,1250.00,
526,13.19,17.04,0.88,5,17.92,11.39,5,1000.00,1250.00,
527,13.36,17.20,1.08,5,18.28,13.89,5,1000.00,1250.00,
528,13.75,17.59,1.03,5,18.62,14.00,5,1000.00,1250.00,
529,13.21,17.06,0.97,5,18.03,10.91,5,1000.00,1250.00,
530,13.35,17.19,0.96,5,18.16,10.44,5,1000.00,1250.00,
531,13.65,17.50,1.03,5,18.52,11.60,5,1000.00,1250.00,
532,13.76,17.61,1.05,5,18.65,11.32,5,1000.00,1250.00,
533,13.29,17.13,1.16,5,18.29,10.32,5,1000.00,1250.00,
534,13.89,17.74,1.24,5,18.98,13.34,5,1000.00,1250.00,
535,13.06,13.06,0.00,66,13.06,11.49,4,1000.00,800.00,
536,13.38,17.23,1.40,5,18.63,11.55,5,1000.00,1250.00,
537,13.02,16.86,0.98,5,17.85,13.17,5,1000.00,1250.00,
538,13.82,17.66,1.08,5,18.74,14.33,5,1000.00,1250.00,
539,13.57,17.42,1.07,5,18.48,10.86,5,1000.00,1250.00,
540,15.00,18.84,1.10,5,19.95,14.48,5,1000.00,1250.00,
541,14.33,18.18,1.03,5,19.21,10.42,5,1000.00,1250.00,
542,14.66,18.50,1.20,5,19.70,14.65,5,1000.00,1250.00,
543,14.42,18.27,1.10,5,19.37,12.78,5,1000.00,1250.00,
544,14.93,18.77,1.40,5,20.17,12.22,5,1000.00,1250.00,
545,14.37,18.22,1.01,5,19.23,11.03,5,1000.00,1250.00,
546,14.64,18.49,1.25,5,19.74,11.23,5,1000.00,1250.00,
547,14.52,18.37,1.01,5,19.38,10.07,5,1000.00,1250.00,
548,14.25,14.25,0.00,66,14.25,12.95,4,1000.00,800.00,
549,14.66,18.51,1.01,5,19.51,13.80,5,1000.00,1250.00,
550,14.63,18.48,1.27,5,19.75,14.97,5,1000.00,1250.00,
551,15.92,19.77,0.97,5,20.73,10.74,5,1000.00,1250.00,
552,15.67,15.67,0.00,66,15.67,14.20,4,1000.00,800.00,
553,15.02,18.87,1.15,5,20.01,11.58,5,1000.00,1250.00,
554,15.67,19.52,1.17,5,20.69,11.07,5,1000.00,1250.00,
555,15.31,19.16,1.10,5,20.26,14.44,5,1000.00,1250.00,
556,15.50,19.35,1.29,5,20.63,10.71,5,1000.00,1250.00,
557,15.40,19.24,1.03,5,20.28,14.50,5,1000.00,1250.00,
558,15.70,19.54,1.05,5,20.59,12.42,5,1000.00,1250.00,
559,15.26,19.10,0.91,5,20.01,10.78,5,1000.00,1250.00,
560,15.64,19.48,1.34,5,20.82,10.47,5,1000.00,1250.00,
561,15.01,18.85,1.01,5,19.86,11.07,5,1000.00,1250.00,
562,15.22,19.07,1.08,5,20.15,14.12,5,1000.00,1250.00,
563,15.32,19.16,0.89,5,20.06,10.44,5,1000.00,1250.00,
564,15.52,19.37,1.13,5,20.50,13.99,5,1000.00,1250.00,
565,15.32,19.17,0.94,5,20.11,13.62,5,1000.00,1250.00,
566,15.39,15.39,0.00,66,15.39,12.25,4,1000.00,800.00,
567,16.90,20.75,1.08,5,21.83,13.28,5,1000.00,1250.00,
568,16.88,20.72,1.10,5,21.82,14.53,5,1000.00,1250.00,
569,16.36,16.36,0.00,66,16.36,13.16,4,1000.00,800.00,
570,16.57,20.42,1.25,5,21.67,13.88,5,1000.00,1250.00,
571,16.55,20.39,1.04,5,21.44,10.89,5,1000.00,1250.00,
572,16.25,20.10,1.15,5,21.25,14.29,5,1000.00,1250.00,
573,16.63,20.48,1.01,5,21.49,12.49,5,1000.00,1250.00,
574,16.06,19.90,1.20,5,21.10,12.15,5,1000.00,1250.00,
575,16.14,19.98,1.20,5,21.19,13.98,5,1000.00,1250.00,
576,16.48,16.48,0.00,66,16.48,11.39,4,1000.00,800.00,
577,16.84,20.69,1.33,5,22.02,10.50,5,1000.00,1250.00,
578,16.92,20.77,1.13,5,21.90,11.99,5,1000.00,1250.00,
579,16.36,20.21,0.93,5,21.14,12.64,5,1000.00,1250.00,
580,16.34,20.18,1.30,5,21.49,10.19,5,1000.00,1250.00,
581,16.27,20.11,1.20,5,21.31,10.45,5,1000.00,1250.00,
582,16.58,20.43,1.00,5,21.43,14.71,5,1000.00,1250.00,
583,17.87,21.71,1.00,5,22.71,12.68,5,1000.00,1250.00,
584,17.66,21.50,1.04,5,22.54,13.65,5,1000.00,1250.00,
585,17.77,21.61,1.24,5,22.85,10.76,5,1000.00,1250.00,
586,17.62,21.46,1.25,5,22.71,12.04,5,1000.00,1250.00,
587,17.75,17.75,0.00,66,17.75,13.89,4,1000.00,800.00,
588,17.33,21.18,0.98,5,22.16,11.32,5,1000.00,1250.00,
589,17.15,20.99,1.17,5,22.16,13.99,5,1000.00,1250.00,
590,17.42,21.27,1.02,5,22.29,12.01,5,1000.00,1250.00,
591,17.75,21.60,1.19,5,22.79,10.23,5,1000.00,1250.00,
592,17.10,20.95,1.14,5,22.09,14.36,5,1000.00,1250.00,
593,17.30,21.15,1.13,5,22.28,10.97,5,1000.00,1250.00,
594,17.60,21.45,1.19,5,22.64,10.37,5,1000.00,1250.00,
595,17.52,21.36,1.06,5,22.42,14.40,5,1000.00,1250.00,
596,17.35,21.20,1.25,5,22.44,11.50,5,1000.00,1250.00,
597,17.66,21.50,1.05,5,22.56,13.93,5,1000.00,1250.00,
598,17.31,21.16,1.17,5,22.33,14.12,5,1000.00,1250.00,
599,17.39,21.23,0.97,5,22.20,10.85,5,1000.00,1250.00,
600,17.82,21.66,0.97,5,22.63,10.62,5,1000.00,1250.00,
601,17.81,21.66,1.06,5,22.72,10.47,5,1000.00,1250.00,
602,17.02,20.86,1.10,5,21.96,14.40,5,1000.00,1250.00,
603,17.04,20.88,1.14,5,22.02,12.19,5,1000.00,1250.00,
604,18.24,22.09,1.01,5,23.10,10.31,5,1000.00,1250.00,
605,18.79,22.64,1.05,5,23.69,13.60,5,1000.00,1250.00,
606,18.68,22.52,1.22,5,23.74,11.29,5,1000.00,1250.00,
607,18.83,22.67,1.22,5,23.89,11.25,5,1000.00,1250.00,
608,18.10,21.95,1.06,5,23.01,14.28,5,1000.00,1250.00,
609,18.44,22.29,1.07,5,23.36,12.31,5,1000.00,1250.00,
610,18.59,22.44,1.11,5,23.55,10.90,5,1000.00,1250.00,
611,18.52,22.36,1.13,5,23.49,14.21,5,1000.00,1250.00,
612,18.94,22.79,1.07,5,23.86,14.51,5,1000.00,1250.00,
613,18.37,22.21,1.15,5,23.36,14.27,5,1000.00,1250.00,
614,18.60,22.45,1.08,5,23.53,11.40,5,1000.00,1250.00,
615,18.75,22.60,1.25,5,23.85,11.23,5,1000.00,1250.00,
616,18.98,22.83,1.36,5,24.19,11.39,5,1000.00,1250.00,
617,18.40,22.24,1.25,5,23.50,14.60,5,1000.00,1250.00,
618,18.84,22.68,0.83,5,23.52,10.03,5,1000.00,1250.00,
619,18.20,18.20,0.00,66,18.20,14.54,4,1000.00,800.00,
620,18.67,18.67,0.00,66,18.67,14.65,4,1000.00,800.00,
621,18.08,21.93,0.95,5,22.88,10.68,5,1000.00,1250.00,
622,19.81,23.66,1.00,5,24.66,12.18,5,1000.00,1250.00,
623,19.96,23.80,1.15,5,24.95,10.08,5,1000.00,1250.00,
624,19.41,23.26,1.11,5,24.37,12.61,5,1000.00,1250.00,
625,19.84,23.69,1.11,5,24.80,12.59,5,1000.00,1250.00,
626,19.44,23.29,1.13,5,24.42,11.18,5,1000.00,1250.00,
627,19.74,23.59,1.14,5,24.73,13.07,5,1000.00,1250.00,
628,19.60,23.44,1.17,5,24.61,11.15,5,1000.00,1250.00,
629,19.51,23.35,1.01,5,24.37,13.09,5,1000.00,1250.00,
630,19.03,19.03,0.00,66,19.03,13.85,4,1000.00,800.00,
631,19.73,23.57,1.26,5,24.83,10.59,5,1000.00,1250.00,
632,19.03,22.87,1.23,5,24.11,13.54,5,1000.00,1250.00,
633,19.76,23.60,1.13,5,24.73,13.32,5,1000.00,1250.00,
634,19.18,19.18,0.00,66,19.18,12.45,4,1000.00,800.00,
635,19.46,23.30,1.27,5,24.58,13.76,5,1000.00,1250.00,
636,19.38,23.23,1.35,5,24.57,14.52,5,1000.00,1250.00,
637,19.71,23.56,1.03,5,24.59,12.76,5,1000.00,1250.00,
638,19.57,23.42,1.01,5,24.43,14.09,5,1000.00,1250.00,
639,19.06,22.91,1.33,5,24.24,12.00,5,1000.00,1250.00,
640,19.88,23.73,1.01,5,24.74,13.99,5,1000.00,1250.00,
641,19.99,23.84,1.05,5,24.89,10.18,5,1000.00,1250.00,
642,19.38,23.23,1.18,5,24.40,10.15,5,1000.00,1250.00,
643,19.15,23.00,1.17,5,24.16,13.93,5,1000.00,1250.00,
644,19.18,23.03,1.01,5,24.04,13.52,5,1000.00,1250.00,
645,19.21,23.05,0.99,5,24.04,11.60,5,1000.00,1250.00,
646,19.11,22.96,1.16,5,24.12,11.24,5,1000.00,1250.00,
647,19.48,23.33,1.05,5,24.38,13.74,5,1000.00,1250.00,
648,20.10,23.95,1.13,5,25.08,10.32,5,1000.00,1250.00,
649,20.28,20.28,0.00,66,20.28,11.95,4,1000.00,800.00,
650,20.29,24.13,0.88,5,25.01,12.26,5,1000.00,1250.00,
651,20.38,24.23,1.03,5,25.25,13.79,5,1000.00,1250.00,
652,20.90,24.74,1.12,5,25.86,12.47,5,1000.00,1250.00,
653,20.38,20.38,0.00,66,20.38,11.51,4,1000.00,800.00,
654,20.95,24.80,0.99,5,25.79,10.24,5,1000.00,1250.00,
655,20.00,23.85,1.09,5,24.93,10.01,5,1000.00,1250.00,
656,20.10,20.10,0.00,66,20.10,11.55,4,1000.00,800.00,
657,20.56,20.56,0.00,66,20.56,14.30,4,1000.00,800.00,
658,20.53,24.38,1.13,5,25.50,14.73,5,1000.00,1250.00,
659,20.90,24.75,0.99,5,25.74,12.52,5,1000.00,1250.00,
660,20.31,24.16,1.11,5,25.27,11.28,5,1000.00,1250.00,
661,21.86,25.71,1.16,5,26.87,11.80,5,1000.00,1250.00,
662,21.59,25.44,1.23,5,26.67,13.88,5,1000.00,1250.00,
663,21.44,25.29,1.15,5,26.44,10.78,5,1000.00,1250.00,
664,21.70,25.54,1.00,5,26.54,10.42,5,1000.00,1250.00,
665,21.01,24.85,1.04,5,25.90,12.38,5,1000.00,1250.00,
666,21.53,21.53,0.00,66,21.53,11.56,4,1000.00,800.00,
667,21.73,25.58,1.31,5,26.89,12.58,5,1000.00,1250.00,
668,21.79,21.79,0.00,66,21.79,13.72,4,1000.00,800.00,
669,21.45,25.29,0.97,5,26.27,10.88,5,1000.00,1250.00,
670,21.56,25.41,1.23,5,26.64,11.63,5,1000.00,1250.00,
671,21.38,25.23,1.12,5,26.35,12.73,5,1000.00,1250.00,
672,21.02,24.87,0.92,5,25.79,13.70,5,1000.00,1250.00,
673,21.38,25.22,1.10,5,26.32,12.24,5,1000.00,1250.00,
674,21.53,25.38,1.21,5,26.58,14.34,5,1000.00,1250.00,
675,22.05,25.90,1.05,5,26.94,12.09,5,1000.00,1250.00,
676,22.30,26.15,1.42,5,27.57,10.72,5,1000.00,1250.00,
677,22.78,26.62,1.00,5,27.62,12.91,5,1000.00,1250.00,
678,22.58,26.42,1.11,5,27.54,13.29,5,1000.00,1250.00,
679,23.47,27.32,1.22,5,28.53,13.91,5,1000.00,1250.00,
